CycPeptMPDB_ID,Source,Year,Original_Name_in_Source_Literature,Structurally_Unique_ID,SMILES,Monomer_Length,Molecule_Shape,PAMPA,Caco2,MDCK,RRCK,MolLogP,Scaffold,Pred_123,True_123,Pred_369,True_369,Pred_1107,True_1107,Pred_3321,True_3321,Pred_9963,True_9963,Pred_29889,True_29889,Pred_89667,True_89667,Pred_269001,True_269001,Pred_807003,True_807003,Pred_2421009,True_2421009
1382,2016_Furukawa,2016,1.7-09,1382,CCCC[C@@H]1NC(=O)[C@H](CC(C)C)N(C)C(=O)CN(CCCc2ccccc2)C(=O)[C@H](C)NC(=O)CN(CCCCc2ccccc2)C(=O)[C@H]2CCCN2C1=O,6,Circle,-6.12,,,,4.3567,O=C1CNC(=O)CN(CCCc2ccccc2)C(=O)CNC(=O)CN(CCCCc2ccccc2)C(=O)C2CCCN2C(=O)CN1,-5.590482497091926,-6.12,-6.042564610144637,-6.12,-6.394264600646494,-6.12,-6.219497315800772,-6.12,-6.359679479632507,-6.12,-6.203042026666006,-6.12,-6.418715696418572,-6.12,-6.081215646948904,-6.12,-5.865964620163921,-6.12,-6.133490870271592,-6.12
1392,2016_Furukawa,2016,1.7-19,1392,CCCC[C@@H]1NC(=O)[C@H](CC(C)C)N(C)C(=O)CN(CCCc2ccccc2)C(=O)[C@H](CC(C)C)NC(=O)CN(CCCCc2ccccc2)C(=O)[C@H]2CCCN2C1=O,6,Circle,-10.0,,,,5.3829,O=C1CNC(=O)CN(CCCc2ccccc2)C(=O)CNC(=O)CN(CCCCc2ccccc2)C(=O)C2CCCN2C(=O)CN1,-7.355682443335542,-10.0,-6.859777576715023,-10.0,-7.451904506809905,-10.0,-7.1223405582664725,-10.0,-6.850780450620286,-10.0,-6.83047889481084,-10.0,-6.855282408725567,-10.0,-7.222183089235996,-10.0,-6.60888947578755,-10.0,-7.125655025296016,-10.0
1380,2016_Furukawa,2016,1.7-07,1380,CCCC[C@@H]1NC(=O)[C@H](CC(C)C)N(C)C(=O)CN(CCc2cccnc2)C(=O)[C@H](C)NC(=O)CN(CCCCc2ccccc2)C(=O)[C@H]2CCCN2C1=O,6,Circle,-5.57,,,,3.3616,O=C1CNC(=O)CN(CCc2cccnc2)C(=O)CNC(=O)CN(CCCCc2ccccc2)C(=O)C2CCCN2C(=O)CN1,-5.464721370481841,-5.57,-5.510960695660552,-5.57,-5.339556744415637,-5.57,-5.2740036861382835,-5.57,-5.200370668312739,-5.57,-5.520763786241028,-5.57,-5.651564041471836,-5.57,-5.408114595915568,-5.57,-5.340274993962524,-5.57,-5.317601238835956,-5.57
1391,2016_Furukawa,2016,1.7-18,1391,CCCC[C@@H]1NC(=O)[C@H](CC(C)C)N(C)C(=O)CN(CCc2cccnc2)C(=O)[C@H](CC(C)C)NC(=O)CN(CCCCc2ccccc2)C(=O)[C@H]2CCCN2C1=O,6,Circle,-5.68,,,,4.3878,O=C1CNC(=O)CN(CCc2cccnc2)C(=O)CNC(=O)CN(CCCCc2ccccc2)C(=O)C2CCCN2C(=O)CN1,-5.7095223830273865,-5.68,-5.691903437793129,-5.68,-5.593354799570887,-5.68,-5.462502199225872,-5.68,-5.506463440545331,-5.68,-5.787045385855321,-5.68,-6.290417376242491,-5.68,-5.800495450428183,-5.68,-5.498036739836573,-5.68,-5.833381539755395,-5.68
1378,2016_Furukawa,2016,1.7-05,1378,CCCC[C@@H]1NC(=O)[C@H](CC(C)C)N(C)C(=O)CN(CC2CCOCC2)C(=O)[C@H](C)NC(=O)CN(CCCCc2ccccc2)C(=O)[C@H]2CCCN2C1=O,6,Circle,-5.3,,,,3.1505,O=C1CNC(=O)CN(CC2CCOCC2)C(=O)CNC(=O)CN(CCCCc2ccccc2)C(=O)C2CCCN2C(=O)CN1,-5.410531376239047,-5.3,-5.447742045809786,-5.3,-5.056805190129531,-5.3,-5.211364923310301,-5.3,-5.075255326242951,-5.3,-5.3081938116439975,-5.3,-5.501703736322139,-5.3,-5.23026387494841,-5.3,-5.1249775634146815,-5.3,-5.26984980495406,-5.3
1389,2016_Furukawa,2016,1.7-16,1389,CCCC[C@@H]1NC(=O)[C@H](CC(C)C)N(C)C(=O)CN(CC2CCOCC2)C(=O)[C@H](CC(C)C)NC(=O)CN(CCCCc2ccccc2)C(=O)[C@H]2CCCN2C1=O,6,Circle,-5.36,,,,4.1767,O=C1CNC(=O)CN(CC2CCOCC2)C(=O)CNC(=O)CN(CCCCc2ccccc2)C(=O)C2CCCN2C(=O)CN1,-5.517518917898691,-5.36,-5.331355564602965,-5.36,-5.6546635902041835,-5.36,-5.366836313025593,-5.36,-5.268474416902708,-5.36,-5.476301829536172,-5.36,-6.010717255482744,-5.36,-5.408015193072426,-5.36,-5.286684283097964,-5.36,-5.727216409132526,-5.36
1377,2016_Furukawa,2016,1.7-04,1377,CCCC[C@@H]1NC(=O)[C@H](CC(C)C)N(C)C(=O)CN(CC2CCCCC2)C(=O)[C@H](C)NC(=O)CN(CCCCc2ccccc2)C(=O)[C@H]2CCCN2C1=O,6,Circle,-6.24,,,,4.3042,O=C1CNC(=O)CN(CC2CCCCC2)C(=O)CNC(=O)CN(CCCCc2ccccc2)C(=O)C2CCCN2C(=O)CN1,-5.657534250810876,-6.24,-5.71129033160695,-6.24,-6.231277387563348,-6.24,-5.909487036334024,-6.24,-6.171236651060351,-6.24,-5.9603409130959975,-6.24,-6.565333220351697,-6.24,-5.845750125327254,-6.24,-5.829258367148273,-6.24,-6.3030892629306425,-6.24
1388,2016_Furukawa,2016,1.7-15,1388,CCCC[C@@H]1NC(=O)[C@H](CC(C)C)N(C)C(=O)CN(CC2CCCCC2)C(=O)[C@H](CC(C)C)NC(=O)CN(CCCCc2ccccc2)C(=O)[C@H]2CCCN2C1=O,6,Circle,-8.15,,,,5.3304,O=C1CNC(=O)CN(CC2CCCCC2)C(=O)CNC(=O)CN(CCCCc2ccccc2)C(=O)C2CCCN2C(=O)CN1,-7.485735980624016,-8.15,-7.6014432276215995,-8.15,-7.612297617364506,-8.15,-7.413759639746372,-8.15,-7.252426265120084,-8.15,-6.4367314877459485,-8.15,-6.926285425459393,-8.15,-7.037836565005269,-8.15,-6.998083776251725,-8.15,-6.670867538083095,-8.15
1376,2016_Furukawa,2016,1.7-03,1376,CCCC[C@@H]1NC(=O)[C@H](CC(C)C)N(C)C(=O)CN(Cc2ccccc2)C(=O)[C@H](C)NC(=O)CN(CCCCc2ccccc2)C(=O)[C@H]2CCCN2C1=O,6,Circle,-5.77,,,,3.9241,O=C1CNC(=O)CN(Cc2ccccc2)C(=O)CNC(=O)CN(CCCCc2ccccc2)C(=O)C2CCCN2C(=O)CN1,-5.389785179156443,-5.77,-5.630988070366695,-5.77,-5.784406110968116,-5.77,-5.779310066427758,-5.77,-5.7546752340174265,-5.77,-5.97478810896058,-5.77,-5.826446090406337,-5.77,-5.3757917522617,-5.77,-5.430799343237836,-5.77,-5.851383472567686,-5.77
1386,2016_Furukawa,2016,1.7-13,1386,CCCC[C@@H]1NC(=O)[C@H](CC(C)C)N(C)C(=O)CN(Cc2ccccc2)C(=O)[C@H](CC(C)C)NC(=O)CN(CCCCc2ccccc2)C(=O)[C@H]2CCCN2C1=O,6,Circle,-7.53,,,,4.9503,O=C1CNC(=O)CN(Cc2ccccc2)C(=O)CNC(=O)CN(CCCCc2ccccc2)C(=O)C2CCCN2C(=O)CN1,-7.1469069746941996,-7.53,-6.5819100636910655,-7.53,-7.196486508120232,-7.53,-6.876240045562422,-7.53,-6.738160535712234,-7.53,-6.599926801182122,-7.53,-6.65821187531923,-7.53,-6.932296347665039,-7.53,-6.397486788888843,-7.53,-6.938111469645505,-7.53
1360,2016_Furukawa,2016,1.6-27,1360,CCCC[C@@H]1NC(=O)[C@H](CC(C)C)N(C)C(=O)CN(CCOC)C(=O)[C@H](Cc2ccc3ccccc3c2)NC(=O)CN(Cc2ccc(Cl)cc2)C(=O)[C@H]2CCCN2C1=O,6,Circle,-7.82,,,,4.577,O=C1CNC(=O)CNC(=O)C(Cc2ccc3ccccc3c2)NC(=O)CN(Cc2ccccc2)C(=O)C2CCCN2C(=O)CN1,-6.874331689075504,-7.82,-6.972388642209827,-7.82,-6.881437378316197,-7.82,-6.990795644390754,-7.82,-7.31491447660949,-7.82,-7.488973418798627,-7.82,-7.247460352871227,-7.82,-6.51067662827269,-7.82,-6.7653235035627395,-7.82,-6.862511099244728,-7.82
1363,2016_Furukawa,2016,1.6-30,1363,CCCCCN1CC(=O)N(C)[C@@H](CC(C)C)C(=O)N[C@@H](CCCC)C(=O)N2CCC[C@@H]2C(=O)N(Cc2ccc(Cl)cc2)CC(=O)N[C@@H](Cc2ccc3ccccc3c2)C1=O,6,Circle,-10.0,,,,6.1208,O=C1CNC(=O)CNC(=O)C(Cc2ccc3ccccc3c2)NC(=O)CN(Cc2ccccc2)C(=O)C2CCCN2C(=O)CN1,-8.010652229329963,-10.0,-8.16591323676806,-10.0,-8.521784542911371,-10.0,-8.379679217913951,-10.0,-8.55162543226118,-10.0,-8.139016808792025,-10.0,-7.830257552509327,-10.0,-8.284092419866028,-10.0,-8.683877297376306,-10.0,-7.898711492974463,-10.0
1347,2016_Furukawa,2016,1.6-14,1347,CCCC[C@@H]1NC(=O)[C@H](CC(C)C)N(C)C(=O)CN(CCOC)C(=O)[C@H](Cc2ccccc2)NC(=O)CN(Cc2ccc(Cl)cc2)C(=O)[C@H]2CCCN2C1=O,6,Circle,-5.94,,,,3.4238,O=C1CNC(=O)CNC(=O)C(Cc2ccccc2)NC(=O)CN(Cc2ccccc2)C(=O)C2CCCN2C(=O)CN1,-5.363740521119625,-5.94,-5.5188736294907885,-5.94,-5.173641266054659,-5.94,-5.377590576388426,-5.94,-5.572375206170975,-5.94,-5.951290801835152,-5.94,-5.662718559899871,-5.94,-5.240851891786907,-5.94,-5.245205469164407,-5.94,-5.083004072846275,-5.94
1350,2016_Furukawa,2016,1.6-17,1350,CCCCCN1CC(=O)N(C)[C@@H](CC(C)C)C(=O)N[C@@H](CCCC)C(=O)N2CCC[C@@H]2C(=O)N(Cc2ccc(Cl)cc2)CC(=O)N[C@@H](Cc2ccccc2)C1=O,6,Circle,-8.04,,,,4.9676,O=C1CNC(=O)CNC(=O)C(Cc2ccccc2)NC(=O)CN(Cc2ccccc2)C(=O)C2CCCN2C(=O)CN1,-7.131329224544771,-8.04,-7.032833362776062,-8.04,-7.065738486690258,-8.04,-7.083234500216907,-8.04,-7.258551172220889,-8.04,-7.221731379563578,-8.04,-7.180021813005348,-8.04,-6.983128713117453,-8.04,-7.240174002024242,-8.04,-6.780521897732967,-8.04
1345,2016_Furukawa,2016,1.6-12,1345,CCCC[C@@H]1NC(=O)[C@H](CC(C)C)N(C)C(=O)CN(CCCN2CCCC2=O)C(=O)[C@H](C)NC(=O)CN(Cc2ccc(Cl)cc2)C(=O)[C@H]2CCCN2C1=O,6,Circle,-6.44,,,,2.5671,O=C1CNC(=O)CN(CCCN2CCCC2=O)C(=O)CNC(=O)CN(Cc2ccccc2)C(=O)C2CCCN2C(=O)CN1,-7.224327764016294,-6.44,-7.089391242942727,-6.44,-6.69400352199594,-6.44,-6.630563358530559,-6.44,-6.237637138055326,-6.44,-6.295601657503143,-6.44,-6.570002482458368,-6.44,-6.810089512749165,-6.44,-6.4867971823337065,-6.44,-6.562919389832634,-6.44
1356,2016_Furukawa,2016,1.6-23,1356,CCCC[C@@H]1NC(=O)[C@H](CC(C)C)N(C)C(=O)CN(CCCN2CCCC2=O)C(=O)[C@H](CC(C)C)NC(=O)CN(Cc2ccc(Cl)cc2)C(=O)[C@H]2CCCN2C1=O,6,Circle,-5.68,-6.17,,,3.5933,O=C1CNC(=O)CN(CCCN2CCCC2=O)C(=O)CNC(=O)CN(Cc2ccccc2)C(=O)C2CCCN2C(=O)CN1,-6.046737456344986,-5.68,-5.958667608712829,-5.68,-5.783920840313384,-5.68,-5.9089639052179,-5.68,-5.804674836289266,-5.68,-5.9085782461188865,-5.68,-5.882436300193035,-5.68,-5.659901983678858,-5.68,-6.107298471558894,-5.68,-6.277511453185129,-5.68
1344,2016_Furukawa,2016,1.6-11,1344,CCCC[C@@H]1NC(=O)[C@H](CC(C)C)N(C)C(=O)CN(CCCc2cnn(C)c2)C(=O)[C@H](C)NC(=O)CN(Cc2ccc(Cl)cc2)C(=O)[C@H]2CCCN2C1=O,6,Circle,-5.56,,,,2.9209,O=C1CNC(=O)CN(CCCc2cn[nH]c2)C(=O)CNC(=O)CN(Cc2ccccc2)C(=O)C2CCCN2C(=O)CN1,-6.424466479268763,-5.56,-6.418137980006585,-5.56,-5.969491477719953,-5.56,-5.821751657562929,-5.56,-5.825321658357072,-5.56,-5.766412978869472,-5.56,-6.022545108511187,-5.56,-6.012346952851578,-5.56,-6.064731680706115,-5.56,-5.977627866191766,-5.56
1354,2016_Furukawa,2016,1.6-21,1354,CCCC[C@@H]1NC(=O)[C@H](CC(C)C)N(C)C(=O)CN(CCCc2cnn(C)c2)C(=O)[C@H](CC(C)C)NC(=O)CN(Cc2ccc(Cl)cc2)C(=O)[C@H]2CCCN2C1=O,6,Circle,-5.52,,,,3.9471,O=C1CNC(=O)CN(CCCc2cn[nH]c2)C(=O)CNC(=O)CN(Cc2ccccc2)C(=O)C2CCCN2C(=O)CN1,-5.943084647706072,-5.52,-5.711617926867158,-5.52,-5.699432827478461,-5.52,-5.596837127168691,-5.52,-6.03926393205932,-5.52,-5.872247313972625,-5.52,-5.9737198345085885,-5.52,-5.734440869743469,-5.52,-5.6573339702223855,-5.52,-5.717218464490551,-5.52
1343,2016_Furukawa,2016,1.6-10,1343,CCCC[C@@H]1NC(=O)[C@H](CC(C)C)N(C)C(=O)CN(CCOc2ccccc2)C(=O)[C@H](C)NC(=O)CN(Cc2ccc(Cl)cc2)C(=O)[C@H]2CCCN2C1=O,6,Circle,-6.3,,,,3.6336,O=C1CNC(=O)CN(CCOc2ccccc2)C(=O)CNC(=O)CN(Cc2ccccc2)C(=O)C2CCCN2C(=O)CN1,-5.742477236191497,-6.3,-6.1047333522501495,-6.3,-5.8032223567692105,-6.3,-6.204845971207945,-6.3,-6.116615400977645,-6.3,-6.461616483050575,-6.3,-6.032691795649409,-6.3,-5.502849624024278,-6.3,-6.266715697762071,-6.3,-6.325167046251858,-6.3
1353,2016_Furukawa,2016,1.6-20,1353,CCCC[C@@H]1NC(=O)[C@H](CC(C)C)N(C)C(=O)CN(CCOc2ccccc2)C(=O)[C@H](CC(C)C)NC(=O)CN(Cc2ccc(Cl)cc2)C(=O)[C@H]2CCCN2C1=O,6,Circle,-7.56,,,,4.6598,O=C1CNC(=O)CN(CCOc2ccccc2)C(=O)CNC(=O)CN(Cc2ccccc2)C(=O)C2CCCN2C(=O)CN1,-7.076597106341384,-7.56,-7.084038628031974,-7.56,-7.324381122516511,-7.56,-7.031609583540343,-7.56,-7.495698082359507,-7.56,-7.157720846368905,-7.56,-7.141251030838809,-7.56,-6.957762732723,-7.56,-7.154664069800586,-7.56,-7.187065278069876,-7.56
1342,2016_Furukawa,2016,1.6-09,1342,CCCC[C@@H]1NC(=O)[C@H](CC(C)C)N(C)C(=O)CN(CCCc2ccccc2)C(=O)[C@H](C)NC(=O)CN(Cc2ccc(Cl)cc2)C(=O)[C@H]2CCCN2C1=O,6,Circle,-6.0,,,,4.1874,O=C1CNC(=O)CN(CCCc2ccccc2)C(=O)CNC(=O)CN(Cc2ccccc2)C(=O)C2CCCN2C(=O)CN1,-5.75987507132212,-6.0,-5.970243476090474,-6.0,-5.8469016134835305,-6.0,-6.337728927497978,-6.0,-6.240249802089016,-6.0,-6.787112929588145,-6.0,-5.9675365435430265,-6.0,-5.785316536098437,-6.0,-6.680418782154493,-6.0,-6.20396036200298,-6.0
1352,2016_Furukawa,2016,1.6-19,1352,CCCC[C@@H]1NC(=O)[C@H](CC(C)C)N(C)C(=O)CN(CCCc2ccccc2)C(=O)[C@H](CC(C)C)NC(=O)CN(Cc2ccc(Cl)cc2)C(=O)[C@H]2CCCN2C1=O,6,Circle,-7.97,,,,5.2136,O=C1CNC(=O)CN(CCCc2ccccc2)C(=O)CNC(=O)CN(Cc2ccccc2)C(=O)C2CCCN2C(=O)CN1,-7.416290460621697,-7.97,-7.1136916204061675,-7.97,-7.461959109959338,-7.97,-7.221917495525205,-7.97,-7.60575740006464,-7.97,-7.296166855503577,-7.97,-7.098095837490122,-7.97,-7.4886382542289756,-7.97,-8.272589073151659,-7.97,-7.299047868254068,-7.97
1340,2016_Furukawa,2016,1.6-07,1340,CCCC[C@@H]1NC(=O)[C@H](CC(C)C)N(C)C(=O)CN(CCc2cccnc2)C(=O)[C@H](C)NC(=O)CN(Cc2ccc(Cl)cc2)C(=O)[C@H]2CCCN2C1=O,6,Circle,-5.65,,,,3.1923,O=C1CNC(=O)CN(CCc2cccnc2)C(=O)CNC(=O)CN(Cc2ccccc2)C(=O)C2CCCN2C(=O)CN1,-6.7967040795041855,-5.65,-6.418386375801065,-5.65,-6.106043997660245,-5.65,-5.762217174285698,-5.65,-5.802659994645774,-5.65,-6.103876002728054,-5.65,-6.2416317298011,-5.65,-6.353905821883923,-5.65,-5.964716280066493,-5.65,-5.986815672096471,-5.65
1351,2016_Furukawa,2016,1.6-18,1351,CCCC[C@@H]1NC(=O)[C@H](CC(C)C)N(C)C(=O)CN(CCc2cccnc2)C(=O)[C@H](CC(C)C)NC(=O)CN(Cc2ccc(Cl)cc2)C(=O)[C@H]2CCCN2C1=O,6,Circle,-5.36,,,,4.2185,O=C1CNC(=O)CN(CCc2cccnc2)C(=O)CNC(=O)CN(Cc2ccccc2)C(=O)C2CCCN2C(=O)CN1,-5.977929490650362,-5.36,-5.811045425921055,-5.36,-5.650577888461644,-5.36,-5.647330710366792,-5.36,-5.89957012782845,-5.36,-6.32232193206454,-5.36,-6.135763388462135,-5.36,-5.649055845039812,-5.36,-5.7748232330271945,-5.36,-5.641045623320544,-5.36
1338,2016_Furukawa,2016,1.6-05,1338,CCCC[C@@H]1NC(=O)[C@H](CC(C)C)N(C)C(=O)CN(CC2CCOCC2)C(=O)[C@H](C)NC(=O)CN(Cc2ccc(Cl)cc2)C(=O)[C@H]2CCCN2C1=O,6,Circle,-5.39,,,,2.9812,O=C1CNC(=O)CN(CC2CCOCC2)C(=O)CNC(=O)CN(Cc2ccccc2)C(=O)C2CCCN2C(=O)CN1,-5.977567972639373,-5.39,-6.125245679933604,-5.39,-5.5674319740221065,-5.39,-5.585822112226845,-5.39,-5.465953136452158,-5.39,-5.729738923247304,-5.39,-5.901938459005818,-5.39,-5.770523433923594,-5.39,-5.657545465633325,-5.39,-5.843467644589721,-5.39
1349,2016_Furukawa,2016,1.6-16,1349,CCCC[C@@H]1NC(=O)[C@H](CC(C)C)N(C)C(=O)CN(CC2CCOCC2)C(=O)[C@H](CC(C)C)NC(=O)CN(Cc2ccc(Cl)cc2)C(=O)[C@H]2CCCN2C1=O,6,Circle,-5.22,,,,4.0074,O=C1CNC(=O)CN(CC2CCOCC2)C(=O)CNC(=O)CN(Cc2ccccc2)C(=O)C2CCCN2C(=O)CN1,-5.562118179650597,-5.22,-5.59187627967836,-5.22,-5.715846986321467,-5.22,-5.365239244389565,-5.22,-5.600950573769745,-5.22,-5.725378110500482,-5.22,-5.983993585863435,-5.22,-5.381416973625817,-5.22,-5.3070049848077705,-5.22,-5.820898412721507,-5.22
1337,2016_Furukawa,2016,1.6-04,1337,CCCC[C@@H]1NC(=O)[C@H](CC(C)C)N(C)C(=O)CN(CC2CCCCC2)C(=O)[C@H](C)NC(=O)CN(Cc2ccc(Cl)cc2)C(=O)[C@H]2CCCN2C1=O,6,Circle,-6.01,,,,4.1349,O=C1CNC(=O)CN(CC2CCCCC2)C(=O)CNC(=O)CN(Cc2ccccc2)C(=O)C2CCCN2C(=O)CN1,-5.540812104124219,-6.01,-5.2769750853486075,-6.01,-5.450152926524434,-6.01,-5.418723595325098,-6.01,-6.168646027074748,-6.01,-6.307345608075798,-6.01,-6.103443912037837,-6.01,-5.443984885491135,-6.01,-5.673594850549148,-6.01,-6.180370609120296,-6.01
1348,2016_Furukawa,2016,1.6-15,1348,CCCC[C@@H]1NC(=O)[C@H](CC(C)C)N(C)C(=O)CN(CC2CCCCC2)C(=O)[C@H](CC(C)C)NC(=O)CN(Cc2ccc(Cl)cc2)C(=O)[C@H]2CCCN2C1=O,6,Circle,-7.1,,,,5.1611,O=C1CNC(=O)CN(CC2CCCCC2)C(=O)CNC(=O)CN(Cc2ccccc2)C(=O)C2CCCN2C(=O)CN1,-7.466642731491278,-7.1,-7.74393325164018,-7.1,-7.5722653207284,-7.1,-7.299035846409657,-7.1,-8.144896158589392,-7.1,-7.114596709451614,-7.1,-7.179065297181031,-7.1,-7.519916087926054,-7.1,-8.459016266972531,-7.1,-7.197382803409119,-7.1
1336,2016_Furukawa,2016,1.6-03,1336,CCCC[C@@H]1NC(=O)[C@H](CC(C)C)N(C)C(=O)CN(Cc2ccccc2)C(=O)[C@H](C)NC(=O)CN(Cc2ccc(Cl)cc2)C(=O)[C@H]2CCCN2C1=O,6,Circle,-5.48,,,,3.7548,O=C1CNC(=O)CN(Cc2ccccc2)C(=O)CNC(=O)CN(Cc2ccccc2)C(=O)C2CCCN2C(=O)CN1,-5.627795574966909,-5.48,-5.791295650507411,-5.48,-5.389318609148574,-5.48,-5.7644012261721125,-5.48,-5.796269062494853,-5.48,-6.488337982059087,-5.48,-5.749919342277301,-5.48,-5.557854126054281,-5.48,-6.0417885472140345,-5.48,-5.8943154826011455,-5.48
1346,2016_Furukawa,2016,1.6-13,1346,CCCC[C@@H]1NC(=O)[C@H](CC(C)C)N(C)C(=O)CN(Cc2ccccc2)C(=O)[C@H](CC(C)C)NC(=O)CN(Cc2ccc(Cl)cc2)C(=O)[C@H]2CCCN2C1=O,6,Circle,-6.63,,,,4.781,O=C1CNC(=O)CN(Cc2ccccc2)C(=O)CNC(=O)CN(Cc2ccccc2)C(=O)C2CCCN2C(=O)CN1,-6.853969690103878,-6.63,-6.499893200805822,-6.63,-6.99827968779028,-6.63,-6.847813170004807,-6.63,-7.266811737718685,-6.63,-7.092377446831818,-6.63,-6.83542332357848,-6.63,-7.1615845335866455,-6.63,-7.717749897139134,-6.63,-6.506422175454896,-6.63
1320,2016_Furukawa,2016,1.5-27,1320,CCCC[C@@H]1NC(=O)[C@H](CC(C)C)N(C)C(=O)CN(CCOC)C(=O)[C@H](Cc2ccc3ccccc3c2)NC(=O)CN(CCN2CCOCC2)C(=O)[C@H]2CCCN2C1=O,6,Circle,-5.73,-6.11,,,2.0556,O=C1CNC(=O)CNC(=O)C(Cc2ccc3ccccc3c2)NC(=O)CN(CCN2CCOCC2)C(=O)C2CCCN2C(=O)CN1,-5.952117505393919,-5.73,-6.247981962999586,-5.73,-5.866240531233081,-5.73,-6.1129677034483265,-5.73,-6.1806722683643205,-5.73,-6.5580996320440725,-5.73,-6.181120666463855,-5.73,-6.324497496306174,-5.73,-6.616478821639049,-5.73,-6.445277405078452,-5.73
1323,2016_Furukawa,2016,1.5-30,1323,CCCCCN1CC(=O)N(C)[C@@H](CC(C)C)C(=O)N[C@@H](CCCC)C(=O)N2CCC[C@@H]2C(=O)N(CCN2CCOCC2)CC(=O)N[C@@H](Cc2ccc3ccccc3c2)C1=O,6,Circle,-5.79,,,,3.5994,O=C1CNC(=O)CNC(=O)C(Cc2ccc3ccccc3c2)NC(=O)CN(CCN2CCOCC2)C(=O)C2CCCN2C(=O)CN1,-5.918627262728353,-5.79,-6.105901586112155,-5.79,-6.042234607732712,-5.79,-5.816241228115935,-5.79,-5.688212105421132,-5.79,-5.911547697345163,-5.79,-5.792925848786429,-5.79,-6.3160027274691055,-5.79,-5.865577472248528,-5.79,-6.1453121279826135,-5.79
1307,2016_Furukawa,2016,1.5-14,1307,CCCC[C@@H]1NC(=O)[C@H](CC(C)C)N(C)C(=O)CN(CCOC)C(=O)[C@H](Cc2ccccc2)NC(=O)CN(CCN2CCOCC2)C(=O)[C@H]2CCCN2C1=O,6,Circle,-6.38,,,,0.9024,O=C1CNC(=O)CNC(=O)C(Cc2ccccc2)NC(=O)CN(CCN2CCOCC2)C(=O)C2CCCN2C(=O)CN1,-6.010373018873096,-6.38,-6.575818383632453,-6.38,-6.412953615260903,-6.38,-6.477780854681924,-6.38,-6.693450294526272,-6.38,-7.18468094559497,-6.38,-7.1750190560296385,-6.38,-7.232955886275629,-6.38,-6.572571929074533,-6.38,-6.7865122269643905,-6.38
1310,2016_Furukawa,2016,1.5-17,1310,CCCCCN1CC(=O)N(C)[C@@H](CC(C)C)C(=O)N[C@@H](CCCC)C(=O)N2CCC[C@@H]2C(=O)N(CCN2CCOCC2)CC(=O)N[C@@H](Cc2ccccc2)C1=O,6,Circle,-5.28,,,,2.4462,O=C1CNC(=O)CNC(=O)C(Cc2ccccc2)NC(=O)CN(CCN2CCOCC2)C(=O)C2CCCN2C(=O)CN1,-5.490410131833068,-5.28,-5.789368315090195,-5.28,-5.384611500494682,-5.28,-5.7564677271959965,-5.28,-5.761946585387241,-5.28,-6.396305253078625,-5.28,-6.315684065107176,-5.28,-5.733587541417015,-5.28,-5.769823258885839,-5.28,-5.649703800190906,-5.28
1305,2016_Furukawa,2016,1.5-12,1305,CCCC[C@@H]1NC(=O)[C@H](CC(C)C)N(C)C(=O)CN(CCCN2CCCC2=O)C(=O)[C@H](C)NC(=O)CN(CCN2CCOCC2)C(=O)[C@H]2CCCN2C1=O,6,Circle,-9.0,,,,0.0457,O=C1CNC(=O)CN(CCCN2CCCC2=O)C(=O)CNC(=O)CN(CCN2CCOCC2)C(=O)C2CCCN2C(=O)CN1,-8.419257801236906,-9.0,-8.509258671541799,-9.0,-8.895861596655095,-9.0,-8.579266769337217,-9.0,-8.511573989724713,-9.0,-7.7483769928507655,-9.0,-8.142193469864335,-9.0,-8.403003822339342,-9.0,-8.031068215288066,-9.0,-8.315592546371342,-9.0
1316,2016_Furukawa,2016,1.5-23,1316,CCCC[C@@H]1NC(=O)[C@H](CC(C)C)N(C)C(=O)CN(CCCN2CCCC2=O)C(=O)[C@H](CC(C)C)NC(=O)CN(CCN2CCOCC2)C(=O)[C@H]2CCCN2C1=O,6,Circle,-7.77,,,,1.0719,O=C1CNC(=O)CN(CCCN2CCCC2=O)C(=O)CNC(=O)CN(CCN2CCOCC2)C(=O)C2CCCN2C(=O)CN1,-7.552393768483405,-7.77,-7.804637888935122,-7.77,-8.01050908033077,-7.77,-7.911751632132741,-7.77,-8.217078206582517,-7.77,-7.832832230854079,-7.77,-7.883669494094956,-7.77,-8.109269200049779,-7.77,-7.3759212184019525,-7.77,-8.191815191059181,-7.77
1304,2016_Furukawa,2016,1.5-11,1304,CCCC[C@@H]1NC(=O)[C@H](CC(C)C)N(C)C(=O)CN(CCCc2cnn(C)c2)C(=O)[C@H](C)NC(=O)CN(CCN2CCOCC2)C(=O)[C@H]2CCCN2C1=O,6,Circle,-8.2,,,,0.3995,O=C1CNC(=O)CN(CCCc2cn[nH]c2)C(=O)CNC(=O)CN(CCN2CCOCC2)C(=O)C2CCCN2C(=O)CN1,-7.727284555517779,-8.2,-8.151987711031563,-8.2,-8.289061894142858,-8.2,-8.172372751871645,-8.2,-8.234723825284062,-8.2,-7.403852526817725,-8.2,-7.870696365587933,-8.2,-7.799846516056977,-8.2,-7.613801461049659,-8.2,-7.65813524040415,-8.2
1314,2016_Furukawa,2016,1.5-21,1314,CCCC[C@@H]1NC(=O)[C@H](CC(C)C)N(C)C(=O)CN(CCCc2cnn(C)c2)C(=O)[C@H](CC(C)C)NC(=O)CN(CCN2CCOCC2)C(=O)[C@H]2CCCN2C1=O,6,Circle,-7.04,,,,1.4257,O=C1CNC(=O)CN(CCCc2cn[nH]c2)C(=O)CNC(=O)CN(CCN2CCOCC2)C(=O)C2CCCN2C(=O)CN1,-6.565259697868052,-7.04,-6.568570602869621,-7.04,-6.879303723559941,-7.04,-7.136625180948068,-7.04,-7.420381895003007,-7.04,-7.552999758492433,-7.04,-7.616897419925689,-7.04,-7.057690863677266,-7.04,-6.970800868240543,-7.04,-7.731874117248538,-7.04
1303,2016_Furukawa,2016,1.5-10,1303,CCCC[C@@H]1NC(=O)[C@H](CC(C)C)N(C)C(=O)CN(CCOc2ccccc2)C(=O)[C@H](C)NC(=O)CN(CCN2CCOCC2)C(=O)[C@H]2CCCN2C1=O,6,Circle,-6.21,,,,1.1122,O=C1CNC(=O)CN(CCOc2ccccc2)C(=O)CNC(=O)CN(CCN2CCOCC2)C(=O)C2CCCN2C(=O)CN1,-6.070104220710847,-6.21,-6.338621827728952,-6.21,-6.163645218083086,-6.21,-6.647777693563848,-6.21,-6.619750766959656,-6.21,-7.160701595902661,-6.21,-7.184747177052606,-6.21,-7.005017375015939,-6.21,-6.604528663040728,-6.21,-6.581749605462187,-6.21
1313,2016_Furukawa,2016,1.5-20,1313,CCCC[C@@H]1NC(=O)[C@H](CC(C)C)N(C)C(=O)CN(CCOc2ccccc2)C(=O)[C@H](CC(C)C)NC(=O)CN(CCN2CCOCC2)C(=O)[C@H]2CCCN2C1=O,6,Circle,-5.6,,,,2.1384,O=C1CNC(=O)CN(CCOc2ccccc2)C(=O)CNC(=O)CN(CCN2CCOCC2)C(=O)C2CCCN2C(=O)CN1,-5.373257647641836,-5.6,-5.7325002045496944,-5.6,-5.377702279359415,-5.6,-5.946346164354935,-5.6,-5.720552954013274,-5.6,-6.600254619069078,-5.6,-6.194006135688712,-5.6,-5.7898508863956035,-5.6,-5.658619973634271,-5.6,-5.722257175686121,-5.6
1302,2016_Furukawa,2016,1.5-09,1302,CCCC[C@@H]1NC(=O)[C@H](CC(C)C)N(C)C(=O)CN(CCCc2ccccc2)C(=O)[C@H](C)NC(=O)CN(CCN2CCOCC2)C(=O)[C@H]2CCCN2C1=O,6,Circle,-5.86,,,,1.666,O=C1CNC(=O)CN(CCCc2ccccc2)C(=O)CNC(=O)CN(CCN2CCOCC2)C(=O)C2CCCN2C(=O)CN1,-5.859869134579329,-5.86,-6.180129504351825,-5.86,-6.239550865412548,-5.86,-6.662327742986172,-5.86,-6.57012732040751,-5.86,-7.249376056040841,-5.86,-7.207695987526769,-5.86,-6.469414374508597,-5.86,-6.651771617429377,-5.86,-6.421995990242243,-5.86
1312,2016_Furukawa,2016,1.5-19,1312,CCCC[C@@H]1NC(=O)[C@H](CC(C)C)N(C)C(=O)CN(CCCc2ccccc2)C(=O)[C@H](CC(C)C)NC(=O)CN(CCN2CCOCC2)C(=O)[C@H]2CCCN2C1=O,6,Circle,-5.31,,,,2.6922,O=C1CNC(=O)CN(CCCc2ccccc2)C(=O)CNC(=O)CN(CCN2CCOCC2)C(=O)C2CCCN2C(=O)CN1,-5.379246696769456,-5.31,-5.582620071705223,-5.31,-5.348073052390608,-5.31,-5.70291817445154,-5.31,-5.650156622997065,-5.31,-6.538043633538064,-5.31,-6.303742143698544,-5.31,-5.632567885429725,-5.31,-5.3309931282566385,-5.31,-5.5375591377339095,-5.31
1300,2016_Furukawa,2016,1.5-07,1300,CCCC[C@@H]1NC(=O)[C@H](CC(C)C)N(C)C(=O)CN(CCc2cccnc2)C(=O)[C@H](C)NC(=O)CN(CCN2CCOCC2)C(=O)[C@H]2CCCN2C1=O,6,Circle,-7.48,,,,0.6709,O=C1CNC(=O)CN(CCc2cccnc2)C(=O)CNC(=O)CN(CCN2CCOCC2)C(=O)C2CCCN2C(=O)CN1,-7.706877697256359,-7.48,-8.126057037889904,-7.48,-8.245668601486802,-7.48,-7.944223747021383,-7.48,-8.21943738223486,-7.48,-7.662793259860028,-7.48,-7.952228069131819,-7.48,-7.864603071485395,-7.48,-7.704083286310979,-7.48,-7.6885930284736546,-7.48
1311,2016_Furukawa,2016,1.5-18,1311,CCCC[C@@H]1NC(=O)[C@H](CC(C)C)N(C)C(=O)CN(CCc2cccnc2)C(=O)[C@H](CC(C)C)NC(=O)CN(CCN2CCOCC2)C(=O)[C@H]2CCCN2C1=O,6,Circle,-6.58,,,,1.6971,O=C1CNC(=O)CN(CCc2cccnc2)C(=O)CNC(=O)CN(CCN2CCOCC2)C(=O)C2CCCN2C(=O)CN1,-6.752356219007861,-6.58,-6.5950626293572645,-6.58,-7.00001573117397,-6.58,-6.9605564757881355,-6.58,-7.122361930434315,-6.58,-7.651855830339985,-6.58,-7.712942161194985,-6.58,-7.265475754601793,-6.58,-7.326419715651219,-6.58,-7.803274522728182,-6.58
1298,2016_Furukawa,2016,1.5-05,1298,CCCC[C@@H]1NC(=O)[C@H](CC(C)C)N(C)C(=O)CN(CC2CCOCC2)C(=O)[C@H](C)NC(=O)CN(CCN2CCOCC2)C(=O)[C@H]2CCCN2C1=O,6,Circle,-8.28,,,,0.4598,O=C1CNC(=O)CN(CC2CCOCC2)C(=O)CNC(=O)CN(CCN2CCOCC2)C(=O)C2CCCN2C(=O)CN1,-7.566845806479765,-8.28,-7.990421914079991,-8.28,-8.136284733336185,-8.28,-7.513186860516834,-8.28,-7.9977392100449975,-8.28,-7.84103246450307,-8.28,-7.833578475714573,-8.28,-7.81671717104749,-8.28,-7.607202136348105,-8.28,-7.623354708761791,-8.28
1309,2016_Furukawa,2016,1.5-16,1309,CCCC[C@@H]1NC(=O)[C@H](CC(C)C)N(C)C(=O)CN(CC2CCOCC2)C(=O)[C@H](CC(C)C)NC(=O)CN(CCN2CCOCC2)C(=O)[C@H]2CCCN2C1=O,6,Circle,-6.87,,,,1.486,O=C1CNC(=O)CN(CC2CCOCC2)C(=O)CNC(=O)CN(CCN2CCOCC2)C(=O)C2CCCN2C(=O)CN1,-6.456434233259001,-6.87,-7.036470972530846,-6.87,-6.789845895550979,-6.87,-6.896763560239982,-6.87,-7.231232866556718,-6.87,-7.706255789434823,-6.87,-7.594266965701677,-6.87,-7.065166224633606,-6.87,-6.812963178816961,-6.87,-7.209899881022132,-6.87
1297,2016_Furukawa,2016,1.5-04,1297,CCCC[C@@H]1NC(=O)[C@H](CC(C)C)N(C)C(=O)CN(CC2CCCCC2)C(=O)[C@H](C)NC(=O)CN(CCN2CCOCC2)C(=O)[C@H]2CCCN2C1=O,6,Circle,-5.92,,,,1.6135,O=C1CNC(=O)CN(CC2CCCCC2)C(=O)CNC(=O)CN(CCN2CCOCC2)C(=O)C2CCCN2C(=O)CN1,-5.851213851856695,-5.92,-6.1904776965256545,-5.92,-6.160042171130985,-5.92,-6.519538619931173,-5.92,-7.029329329070293,-5.92,-7.46125215871993,-5.92,-7.44589336197751,-5.92,-6.420657112977622,-5.92,-6.614645935619824,-5.92,-6.5715967126033545,-5.92
1308,2016_Furukawa,2016,1.5-15,1308,CCCC[C@@H]1NC(=O)[C@H](CC(C)C)N(C)C(=O)CN(CC2CCCCC2)C(=O)[C@H](CC(C)C)NC(=O)CN(CCN2CCOCC2)C(=O)[C@H]2CCCN2C1=O,6,Circle,-5.18,,,,2.6397,O=C1CNC(=O)CN(CC2CCCCC2)C(=O)CNC(=O)CN(CCN2CCOCC2)C(=O)C2CCCN2C(=O)CN1,-5.241482092454819,-5.18,-5.492182519033427,-5.18,-5.46957432748425,-5.18,-5.76157257245,-5.18,-5.508547310394985,-5.18,-6.428588246544536,-5.18,-6.309980757411072,-5.18,-5.547608397841382,-5.18,-5.22098935592522,-5.18,-5.56156008222081,-5.18
1296,2016_Furukawa,2016,1.5-03,1296,CCCC[C@@H]1NC(=O)[C@H](CC(C)C)N(C)C(=O)CN(Cc2ccccc2)C(=O)[C@H](C)NC(=O)CN(CCN2CCOCC2)C(=O)[C@H]2CCCN2C1=O,6,Circle,-6.49,,,,1.2334,O=C1CNC(=O)CN(Cc2ccccc2)C(=O)CNC(=O)CN(CCN2CCOCC2)C(=O)C2CCCN2C(=O)CN1,-6.0240825966636855,-6.49,-6.348392470460855,-6.49,-6.3844258897862805,-6.49,-6.54388897709962,-6.49,-6.639473715850122,-6.49,-7.1466698772071995,-6.49,-7.538780810701604,-6.49,-6.974593426212183,-6.49,-6.917472077745426,-6.49,-7.103436875809961,-6.49
1306,2016_Furukawa,2016,1.5-13,1306,CCCC[C@@H]1NC(=O)[C@H](CC(C)C)N(C)C(=O)CN(Cc2ccccc2)C(=O)[C@H](CC(C)C)NC(=O)CN(CCN2CCOCC2)C(=O)[C@H]2CCCN2C1=O,6,Circle,-5.4,,,,2.2596,O=C1CNC(=O)CN(Cc2ccccc2)C(=O)CNC(=O)CN(CCN2CCOCC2)C(=O)C2CCCN2C(=O)CN1,-5.343666211563563,-5.4,-5.56731565154609,-5.4,-5.313243264580176,-5.4,-5.9840600260336485,-5.4,-5.816860979240846,-5.4,-6.709854880419099,-5.4,-6.479368127741024,-5.4,-5.522886365316554,-5.4,-5.544520314386576,-5.4,-5.750495597701252,-5.4
1080,2015_Wang,2015,Compound.36,1080,CC(C)C[C@@H]1NC(=O)[C@@H](CC(C)C)NC(=O)[C@H](Cc2ccccc2)NC(=O)CNC(=O)[C@@H](C)NC(=O)[C@H](Cc2ccc(O)cc2)NC1=O,6,Circle,-7.7,-6.14,,,0.8433,O=C1CNC(=O)C(Cc2ccccc2)NC(=O)CNC(=O)CNC(=O)C(Cc2ccccc2)NC(=O)CN1,-6.968077029974392,-7.7,-7.202477171291778,-7.7,-7.433786140208223,-7.7,-7.472597551756338,-7.7,-7.011052786163904,-7.7,-7.164981817766577,-7.7,-6.972554165197231,-7.7,-7.122208763231445,-7.7,-7.562740680553431,-7.7,-7.116825871082915,-7.7
1087,2015_Wang,2015,Compound.43,1087,CC(C)C[C@H]1C(=O)N[C@@H](Cc2ccc(O)cc2)C(=O)N(C)[C@H](C)C(=O)N(C)CC(=O)N[C@@H](Cc2ccccc2)C(=O)N(C)[C@H](CC(C)C)C(=O)N1C,6,Circle,-6.03,-5.32,,,2.2121,O=C1CNC(=O)C(Cc2ccccc2)NC(=O)CNC(=O)CNC(=O)C(Cc2ccccc2)NC(=O)CN1,-6.86383884517193,-6.03,-6.297640528921286,-6.03,-6.60189960811269,-6.03,-7.603367947174522,-6.03,-7.498845356701033,-6.03,-6.97336742070898,-6.03,-6.309532999363439,-6.03,-5.869785688273523,-6.03,-6.475842833180788,-6.03,-5.686546509489125,-6.03
1076,2015_Wang,2015,Compound.32,1076,C[C@@H](O)[C@@H]1NC(=O)[C@H](CCCCN)NC(=O)[C@@H](Cc2cc3ccccc3[nH]2)NC(=O)[C@H](Cc2ccccc2)NC(=O)[C@@H]2CCCN2C(=O)[C@H](Cc2ccccc2)NC1=O,6,Circle,-7.1,-6.03,,,1.1342,O=C1CNC(=O)C(Cc2cc3ccccc3[nH]2)NC(=O)C(Cc2ccccc2)NC(=O)C2CCCN2C(=O)C(Cc2ccccc2)NC(=O)CN1,-7.224205541931447,-7.1,-7.371118491559641,-7.1,-8.042566886840719,-7.1,-8.30048598573481,-7.1,-7.74455471420822,-7.1,-7.842020927265777,-7.1,-7.2698660653927725,-7.1,-7.222530943530304,-7.1,-8.349953203966297,-7.1,-7.560212085945589,-7.1
1077,2015_Wang,2015,Compound.33,1077,C[C@@H](O)[C@@H]1NC(=O)[C@@H](CCCCN)NC(=O)[C@@H](Cc2cc3ccccc3[nH]2)NC(=O)[C@H](Cc2ccccc2)NC(=O)[C@@H]2CCCN2C(=O)[C@@H](Cc2ccccc2)NC1=O,6,Circle,-7.05,-6.7,,,1.1342,O=C1CNC(=O)C(Cc2cc3ccccc3[nH]2)NC(=O)C(Cc2ccccc2)NC(=O)C2CCCN2C(=O)C(Cc2ccccc2)NC(=O)CN1,-7.2242050966779505,-7.05,-7.371118268932893,-7.05,-8.042567777347712,-7.05,-8.300485540481313,-7.05,-7.744554936834968,-7.05,-7.842020927265777,-7.05,-7.269866399332895,-7.05,-7.222529941709936,-7.05,-8.3499527587128,-7.05,-7.5602097483647315,-7.05
7438,2022_Taechalertpaisarn,2022,3-Asn(Pyr)2,7438,CC(C)C[C@@H]1NC(=O)[C@@H](CC(C)C)NC(=O)[C@H](CC(C)C)NC(=O)[C@@H](CC(=O)N2CCCC2)NC(=O)[C@H]2CCCN2C(=O)[C@H](CC(C)C)NC1=O,6,Circle,-6.25,,,,1.6119,O=C1CNC(=O)CNC(=O)C(CC(=O)N2CCCC2)NC(=O)C2CCCN2C(=O)CNC(=O)CN1,-6.629040591571794,-6.25,-6.398006065779387,-6.25,-6.41507691787336,-6.25,-6.346685925121323,-6.25,-6.4785298823767725,-6.25,-6.680967946686003,-6.25,-6.609387157883503,-6.25,-6.316933585560674,-6.25,-6.324373576692369,-6.25,-6.432871529526243,-6.25
7435,2022_Taechalertpaisarn,2022,3-Pye3(Cha2Nal5),7435,CC(C)C[C@@H]1NC(=O)[C@H](Cc2ccc3ccccc3c2)NC(=O)[C@@H](CC(C)C)NC(=O)[C@H](CCC(=O)N2CCCC2)NC(=O)[C@@H](CC2CCCCC2)NC(=O)[C@H]2CCCN2C1=O,6,Circle,-5.43,,,,4.2761,O=C1CNC(=O)C(CCC(=O)N2CCCC2)NC(=O)C(CC2CCCCC2)NC(=O)C2CCCN2C(=O)CNC(=O)C(Cc2ccc3ccccc3c2)N1,-6.2255488952163365,-5.43,-6.338338145594857,-5.43,-6.559972535221315,-5.43,-5.767971129567052,-5.43,-6.151741504990141,-5.43,-6.024424857460941,-5.43,-6.067062527104729,-5.43,-6.284996609718396,-5.43,-6.370850166328142,-5.43,-7.093135045656477,-5.43
7434,2022_Taechalertpaisarn,2022,3-Pye3(Cha2HPhe5),7434,CC(C)C[C@@H]1NC(=O)[C@H](CCc2ccccc2)NC(=O)[C@@H](CC(C)C)NC(=O)[C@H](CCC(=O)N2CCCC2)NC(=O)[C@@H](CC2CCCCC2)NC(=O)[C@H]2CCCN2C1=O,6,Circle,-5.4,,,,3.513,O=C1CNC(=O)C(CCC(=O)N2CCCC2)NC(=O)C(CC2CCCCC2)NC(=O)C2CCCN2C(=O)CNC(=O)C(CCc2ccccc2)N1,-5.1317716865210485,-5.4,-5.494988840509844,-5.4,-5.811768051474965,-5.4,-5.344439505573982,-5.4,-5.209458292180682,-5.4,-5.252289007043639,-5.4,-5.589326841641203,-5.4,-5.567386892105564,-5.4,-5.577411524128999,-5.4,-5.754916074416633,-5.4
7433,2022_Taechalertpaisarn,2022,3-Pye3(Cha2Chg5),7433,CC(C)C[C@@H]1NC(=O)[C@H](c2ccccc2)NC(=O)[C@@H](CC(C)C)NC(=O)[C@H](CCC(=O)N2CCCC2)NC(=O)[C@@H](CC2CCCCC2)NC(=O)[C@H]2CCCN2C1=O,6,Circle,-5.49,,,,3.2529,O=C1CNC(=O)C(CCC(=O)N2CCCC2)NC(=O)C(CC2CCCCC2)NC(=O)C2CCCN2C(=O)CNC(=O)C(c2ccccc2)N1,-5.154584249425216,-5.49,-5.647654354002216,-5.49,-5.838571978037057,-5.49,-5.793766876985036,-5.49,-5.241356864908868,-5.49,-5.3118383784846674,-5.49,-5.47812594962718,-5.49,-5.631834998174133,-5.49,-5.797516690620991,-5.49,-5.867097915540605,-5.49
7420,2022_Taechalertpaisarn,2022,3-Pye2(Cha3Nal5),7420,CC(C)C[C@@H]1NC(=O)[C@H](Cc2ccc3ccccc3c2)NC(=O)[C@@H](CC(C)C)NC(=O)[C@H](CC2CCCCC2)NC(=O)[C@@H](CCC(=O)N2CCCC2)NC(=O)[C@H]2CCCN2C1=O,6,Circle,-5.28,,,,4.2761,O=C1CNC(=O)C(CC2CCCCC2)NC(=O)C(CCC(=O)N2CCCC2)NC(=O)C2CCCN2C(=O)CNC(=O)C(Cc2ccc3ccccc3c2)N1,-6.225548950873024,-5.28,-6.338337811654735,-5.28,-6.559974705832112,-5.28,-5.767971964417359,-5.28,-6.151754723453324,-5.28,-6.0244241339240086,-5.28,-6.067061636597735,-5.28,-6.284998724672506,-5.28,-6.3708486079409035,-5.28,-7.093134823029729,-5.28
7419,2022_Taechalertpaisarn,2022,3-Pye2(Cha3HPhe5),7419,CC(C)C[C@@H]1NC(=O)[C@H](CCc2ccccc2)NC(=O)[C@@H](CC(C)C)NC(=O)[C@H](CC2CCCCC2)NC(=O)[C@@H](CCC(=O)N2CCCC2)NC(=O)[C@H]2CCCN2C1=O,6,Circle,-4.87,,,,3.513,O=C1CNC(=O)C(CC2CCCCC2)NC(=O)C(CCC(=O)N2CCCC2)NC(=O)C2CCCN2C(=O)CNC(=O)C(CCc2ccccc2)N1,-5.1317714638942995,-4.87,-5.494988617883096,-4.87,-5.811768552385149,-4.87,-5.344439561230669,-4.87,-5.209455119749518,-4.87,-5.252288895730264,-4.87,-5.589327008611264,-4.87,-5.567387559985809,-4.87,-5.577408518667896,-4.87,-5.754917187550376,-4.87
7418,2022_Taechalertpaisarn,2022,3-Pye2(Cha3Chg5),7418,CC(C)C[C@@H]1NC(=O)[C@H](c2ccccc2)NC(=O)[C@@H](CC(C)C)NC(=O)[C@H](CC2CCCCC2)NC(=O)[C@@H](CCC(=O)N2CCCC2)NC(=O)[C@H]2CCCN2C1=O,6,Circle,-4.85,,,,3.2529,O=C1CNC(=O)C(CC2CCCCC2)NC(=O)C(CCC(=O)N2CCCC2)NC(=O)C2CCCN2C(=O)CNC(=O)C(c2ccccc2)N1,-5.154584416395278,-4.85,-5.647654576628964,-4.85,-5.838571644096934,-4.85,-5.793766932641723,-4.85,-5.241356864908868,-4.85,-5.311837710604422,-4.85,-5.47812594962718,-4.85,-5.631834552920637,-4.85,-5.797516801934366,-4.85,-5.867096802406864,-4.85
2366,2018_Naylor,2018,1NMe3-2P6F(73),2366,CC(C)C[C@@H]1NC(=O)[C@H](CC(C)C)N(C)C(=O)[C@H]2CCCN2C(=O)[C@H](CC(C)C)NC(=O)[C@H](Cc2ccccc2)N(C)C(=O)[C@H]2CCCN2C1=O,6,Circle,-4.99,,,-4.57,2.9866,O=C1CNC(=O)C2CCCN2C(=O)CNC(=O)C(Cc2ccccc2)NC(=O)C2CCCN2C(=O)CN1,-5.459292032827935,-4.99,-4.864402972666184,-4.99,-5.399377497862913,-4.99,-5.263732856759508,-4.99,-5.4276832922977665,-4.99,-5.36124487527054,-4.99,-5.411283687678433,-4.99,-4.9570480921746904,-4.99,-5.000016167741384,-4.99,-5.143607081030591,-4.99
2329,2018_Naylor,2018,1NMe3-2F(35),2329,CC(C)C[C@@H]1NC(=O)[C@H](Cc2ccc(O)cc2)N(C)C(=O)[C@H]2CCCN2C(=O)[C@H](CC(C)C)NC(=O)[C@H](CC(C)C)N(C)C(=O)[C@@H](Cc2ccccc2)N(C)C1=O,6,Circle,-5.8,,,-5.16,3.7709,O=C1CNC(=O)C(Cc2ccccc2)NC(=O)CNC(=O)C(Cc2ccccc2)NC(=O)C2CCCN2C(=O)CN1,-6.226325862568103,-5.8,-6.004889930773634,-5.8,-6.33045621253933,-5.8,-6.686559384441057,-5.8,-5.934969617487928,-5.8,-6.177286727745364,-5.8,-6.149967475917513,-5.8,-6.252228735194563,-5.8,-6.109540211601478,-5.8,-6.168676137342463,-5.8
1533,2016_Furukawa,2016,1.10-40,1533,CCCC[C@@H]1NC(=O)[C@H](CC(C)C)N(C)C(=O)CN(CCCN2CCCC2=O)C(=O)[C@H](Cc2ccc3ccccc3c2)NC(=O)CN(Cc2ccccc2Cn2cccn2)C(=O)[C@H]2CCCN2C1=O,6,Circle,-6.06,,,,4.5345,O=C1CNC(=O)CN(CCCN2CCCC2=O)C(=O)C(Cc2ccc3ccccc3c2)NC(=O)CN(Cc2ccccc2Cn2cccn2)C(=O)C2CCCN2C(=O)CN1,-6.7771527758367025,-6.06,-6.7360533735390336,-6.06,-6.546182366547821,-6.06,-6.497988851600374,-6.06,-6.535777014956352,-6.06,-6.86344858048206,-6.06,-6.316942128862142,-6.06,-6.48028011821567,-6.06,-6.627272656906403,-6.06,-7.0191439327062,-6.06
1532,2016_Furukawa,2016,1.10-39,1532,CCCC[C@@H]1NC(=O)[C@H](CC(C)C)N(C)C(=O)CN(CCCc2cnn(C)c2)C(=O)[C@H](Cc2ccc3ccccc3c2)NC(=O)CN(Cc2ccccc2Cn2cccn2)C(=O)[C@H]2CCCN2C1=O,6,Circle,-6.58,,,,4.8883,O=C1CNC(=O)CN(CCCc2cn[nH]c2)C(=O)C(Cc2ccc3ccccc3c2)NC(=O)CN(Cc2ccccc2Cn2cccn2)C(=O)C2CCCN2C(=O)CN1,-7.38625644256769,-6.58,-6.854259327503492,-6.58,-6.616728107940522,-6.58,-6.973924655460118,-6.58,-6.393643472018578,-6.58,-6.694250971626738,-6.58,-6.347000190604972,-6.58,-7.265746134787673,-6.58,-7.008026398146735,-6.58,-7.693812067335394,-6.58
1531,2016_Furukawa,2016,1.10-38,1531,CCCC[C@@H]1NC(=O)[C@H](CC(C)C)N(C)C(=O)CN(CCOc2ccccc2)C(=O)[C@H](Cc2ccc3ccccc3c2)NC(=O)CN(Cc2ccccc2Cn2cccn2)C(=O)[C@H]2CCCN2C1=O,6,Circle,-7.68,,,,5.601,O=C1CNC(=O)CN(CCOc2ccccc2)C(=O)C(Cc2ccc3ccccc3c2)NC(=O)CN(Cc2ccccc2Cn2cccn2)C(=O)C2CCCN2C(=O)CN1,-7.605968561535457,-7.68,-7.495805165825466,-7.68,-7.519780842176427,-7.68,-8.264507054306044,-7.68,-7.636332957684027,-7.68,-7.4506651437018,-7.68,-7.314384513635026,-7.68,-7.498879418593532,-7.68,-8.26190165347002,-7.68,-7.94687768048855,-7.68
1530,2016_Furukawa,2016,1.10-37,1530,CCCC[C@@H]1NC(=O)[C@H](CC(C)C)N(C)C(=O)CN(CCCc2ccccc2)C(=O)[C@H](Cc2ccc3ccccc3c2)NC(=O)CN(Cc2ccccc2Cn2cccn2)C(=O)[C@H]2CCCN2C1=O,6,Circle,-7.8,,,,6.1548,O=C1CNC(=O)CN(CCCc2ccccc2)C(=O)C(Cc2ccc3ccccc3c2)NC(=O)CN(Cc2ccccc2Cn2cccn2)C(=O)C2CCCN2C(=O)CN1,-7.843852922778009,-7.8,-7.186703843543918,-7.8,-7.493348590970719,-7.8,-8.337723871425535,-7.8,-7.5396661972798205,-7.8,-7.529513081794239,-7.8,-7.288947515307847,-7.8,-7.805671099674248,-7.8,-7.747630859303646,-7.8,-7.78402131627675,-7.8
1529,2016_Furukawa,2016,1.10-36,1529,CCCC[C@@H]1NC(=O)[C@H](CC(C)C)N(C)C(=O)CN(CCc2cccnc2)C(=O)[C@H](Cc2ccc3ccccc3c2)NC(=O)CN(Cc2ccccc2Cn2cccn2)C(=O)[C@H]2CCCN2C1=O,6,Circle,-6.41,,,,5.1597,O=C1CNC(=O)CN(CCc2cccnc2)C(=O)C(Cc2ccc3ccccc3c2)NC(=O)CN(Cc2ccccc2Cn2cccn2)C(=O)C2CCCN2C(=O)CN1,-7.406584379646818,-6.41,-6.912083731241561,-6.41,-6.961231480089155,-6.41,-7.442735290238689,-6.41,-7.437518588957807,-6.41,-7.0481929387121,-6.41,-6.459057666861643,-6.41,-7.343822114630184,-6.41,-7.323982509323578,-6.41,-7.490060282584107,-6.41
1528,2016_Furukawa,2016,1.10-35,1528,CCCC[C@@H]1NC(=O)[C@H](CC(C)C)N(C)C(=O)CN(CC2CCOCC2)C(=O)[C@H](Cc2ccc3ccccc3c2)NC(=O)CN(Cc2ccccc2Cn2cccn2)C(=O)[C@H]2CCCN2C1=O,6,Circle,-6.29,,,,4.9486,O=C1CNC(=O)CN(CC2CCOCC2)C(=O)C(Cc2ccc3ccccc3c2)NC(=O)CN(Cc2ccccc2Cn2cccn2)C(=O)C2CCCN2C(=O)CN1,-6.501126664305096,-6.29,-6.420485579068012,-6.29,-6.483215785832883,-6.29,-6.389775387922557,-6.29,-5.8825855157711215,-6.29,-6.480087601735028,-6.29,-6.358013313219458,-6.29,-6.361431051231895,-6.29,-6.337389115594954,-6.29,-7.022571048870412,-6.29
1527,2016_Furukawa,2016,1.10-34,1527,CCCC[C@@H]1NC(=O)[C@H](CC(C)C)N(C)C(=O)CN(CC2CCCCC2)C(=O)[C@H](Cc2ccc3ccccc3c2)NC(=O)CN(Cc2ccccc2Cn2cccn2)C(=O)[C@H]2CCCN2C1=O,6,Circle,-7.83,,,,6.1023,O=C1CNC(=O)CN(CC2CCCCC2)C(=O)C(Cc2ccc3ccccc3c2)NC(=O)CN(Cc2ccccc2Cn2cccn2)C(=O)C2CCCN2C(=O)CN1,-7.545885832062051,-7.83,-7.594391859307505,-7.83,-7.42995673750973,-7.83,-7.853901403691862,-7.83,-7.677867316991299,-7.83,-7.597495276179606,-7.83,-7.48024400136879,-7.83,-7.906535710045478,-7.83,-7.72503068231741,-7.83,-7.830360406067069,-7.83
1526,2016_Furukawa,2016,1.10-33,1526,CCCC[C@@H]1NC(=O)[C@H](CC(C)C)N(C)C(=O)CN(Cc2ccccc2)C(=O)[C@H](Cc2ccc3ccccc3c2)NC(=O)CN(Cc2ccccc2Cn2cccn2)C(=O)[C@H]2CCCN2C1=O,6,Circle,-7.34,,,,5.7222,O=C1CNC(=O)CN(Cc2ccccc2)C(=O)C(Cc2ccc3ccccc3c2)NC(=O)CN(Cc2ccccc2Cn2cccn2)C(=O)C2CCCN2C(=O)CN1,-7.560808614317812,-7.34,-6.879246285858865,-7.34,-7.310598077898965,-7.34,-8.114093076433184,-7.34,-7.508855768440918,-7.34,-7.412985343915585,-7.34,-7.115778189605146,-7.34,-7.647761947064443,-7.34,-8.70337027283572,-7.34,-7.593024263192347,-7.34
1525,2016_Furukawa,2016,1.10-32,1525,CCCC[C@@H]1NC(=O)[C@H](CC(C)C)N(C)C(=O)CN(CCCN2CCCC2=O)C(=O)[C@H](Cc2ccccc2)NC(=O)CN(Cc2ccccc2Cn2cccn2)C(=O)[C@H]2CCCN2C1=O,6,Circle,-6.01,,,,3.3813,O=C1CNC(=O)CN(CCCN2CCCC2=O)C(=O)C(Cc2ccccc2)NC(=O)CN(Cc2ccccc2Cn2cccn2)C(=O)C2CCCN2C(=O)CN1,-6.388598861214176,-6.01,-6.473756375295183,-6.01,-6.323871080292983,-6.01,-5.866742770220289,-6.01,-6.447898167160113,-6.01,-6.780749923179972,-6.01,-5.905860307461566,-6.01,-6.272101400573299,-6.01,-5.745895558599148,-6.01,-6.102801536469623,-6.01
1524,2016_Furukawa,2016,1.10-31,1524,CCCC[C@@H]1NC(=O)[C@H](CC(C)C)N(C)C(=O)CN(CCCc2cnn(C)c2)C(=O)[C@H](Cc2ccccc2)NC(=O)CN(Cc2ccccc2Cn2cccn2)C(=O)[C@H]2CCCN2C1=O,6,Circle,-5.68,,,,3.7351,O=C1CNC(=O)CN(CCCc2cn[nH]c2)C(=O)C(Cc2ccccc2)NC(=O)CN(Cc2ccccc2Cn2cccn2)C(=O)C2CCCN2C(=O)CN1,-6.094973298202965,-5.68,-6.349403808121955,-5.68,-5.9586502229552,-5.68,-5.484450914689727,-5.68,-5.792049673389926,-5.68,-5.948654706336197,-5.68,-5.815801192433635,-5.68,-5.798533552208285,-5.68,-5.7975095665650445,-5.68,-6.845078311714612,-5.68
1522,2016_Furukawa,2016,1.10-29,1522,CCCC[C@@H]1NC(=O)[C@H](CC(C)C)N(C)C(=O)CN(CCOc2ccccc2)C(=O)[C@H](Cc2ccccc2)NC(=O)CN(Cc2ccccc2Cn2cccn2)C(=O)[C@H]2CCCN2C1=O,6,Circle,-6.79,,,,4.4478,O=C1CNC(=O)CN(CCOc2ccccc2)C(=O)C(Cc2ccccc2)NC(=O)CN(Cc2ccccc2Cn2cccn2)C(=O)C2CCCN2C(=O)CN1,-6.526006984448006,-6.79,-6.281428069912291,-6.79,-6.660396678570921,-6.79,-7.180661085713257,-6.79,-7.0025831741494,-6.79,-6.417860197481323,-6.79,-6.051373853177931,-6.79,-6.471351171562619,-6.79,-6.4976028168187225,-6.79,-6.961218233797627,-6.79
1521,2016_Furukawa,2016,1.10-28,1521,CCCC[C@@H]1NC(=O)[C@H](CC(C)C)N(C)C(=O)CN(CCCc2ccccc2)C(=O)[C@H](Cc2ccccc2)NC(=O)CN(Cc2ccccc2Cn2cccn2)C(=O)[C@H]2CCCN2C1=O,6,Circle,-10.0,,,,5.0016,O=C1CNC(=O)CN(CCCc2ccccc2)C(=O)C(Cc2ccccc2)NC(=O)CN(Cc2ccccc2Cn2cccn2)C(=O)C2CCCN2C(=O)CN1,-6.367151389874247,-10.0,-6.155557355285328,-10.0,-6.658788812537598,-10.0,-7.371964807143522,-10.0,-6.606615510523142,-10.0,-6.8540815600449285,-10.0,-5.957724728776848,-10.0,-6.756017148914535,-10.0,-6.74911438395497,-10.0,-6.9096220359716005,-10.0
1519,2016_Furukawa,2016,1.10-26,1519,CCCC[C@@H]1NC(=O)[C@H](CC(C)C)N(C)C(=O)CN(CCc2cccnc2)C(=O)[C@H](Cc2ccccc2)NC(=O)CN(Cc2ccccc2Cn2cccn2)C(=O)[C@H]2CCCN2C1=O,6,Circle,-5.69,,,,4.0065,O=C1CNC(=O)CN(CCc2cccnc2)C(=O)C(Cc2ccccc2)NC(=O)CN(Cc2ccccc2Cn2cccn2)C(=O)C2CCCN2C(=O)CN1,-6.155516085851851,-5.69,-6.632981251987779,-5.69,-6.222855807269802,-5.69,-6.2647728063008135,-5.69,-6.364872916418185,-5.69,-7.383064531563118,-5.69,-6.461923207053124,-5.69,-6.194422698163232,-5.69,-5.93511471447117,-5.69,-6.873181599293491,-5.69
1518,2016_Furukawa,2016,1.10-25,1518,CCCC[C@@H]1NC(=O)[C@H](CC(C)C)N(C)C(=O)CN(CC2CCOCC2)C(=O)[C@H](Cc2ccccc2)NC(=O)CN(Cc2ccccc2Cn2cccn2)C(=O)[C@H]2CCCN2C1=O,6,Circle,-5.4,,,,3.7954,O=C1CNC(=O)CN(CC2CCOCC2)C(=O)C(Cc2ccccc2)NC(=O)CN(Cc2ccccc2Cn2cccn2)C(=O)C2CCCN2C(=O)CN1,-5.658794513004983,-5.4,-5.612885343294086,-5.4,-5.44271262928096,-5.4,-5.567110946250975,-5.4,-5.617541748706039,-5.4,-5.810610288027219,-5.4,-5.73989788268503,-5.4,-5.5276172950325195,-5.4,-5.250906383622966,-5.4,-5.940776460536189,-5.4
1517,2016_Furukawa,2016,1.10-24,1517,CCCC[C@@H]1NC(=O)[C@H](CC(C)C)N(C)C(=O)CN(CC2CCCCC2)C(=O)[C@H](Cc2ccccc2)NC(=O)CN(Cc2ccccc2Cn2cccn2)C(=O)[C@H]2CCCN2C1=O,6,Circle,-6.95,,,,4.9491,O=C1CNC(=O)CN(CC2CCCCC2)C(=O)C(Cc2ccccc2)NC(=O)CN(Cc2ccccc2Cn2cccn2)C(=O)C2CCCN2C(=O)CN1,-5.967864396215412,-6.95,-6.056989988587881,-6.95,-6.270620988353411,-6.95,-6.855842982877931,-6.95,-6.288625481373307,-6.95,-6.37724595452501,-6.95,-6.234680320897019,-6.95,-6.535119542511765,-6.95,-6.6841304153031045,-6.95,-6.868789841428647,-6.95
1515,2016_Furukawa,2016,1.10-22,1515,CCCC[C@@H]1NC(=O)[C@H](CC(C)C)N(C)C(=O)CN(Cc2ccccc2)C(=O)[C@H](Cc2ccccc2)NC(=O)CN(Cc2ccccc2Cn2cccn2)C(=O)[C@H]2CCCN2C1=O,6,Circle,-6.46,,,,4.569,O=C1CNC(=O)CN(Cc2ccccc2)C(=O)C(Cc2ccccc2)NC(=O)CN(Cc2ccccc2Cn2cccn2)C(=O)C2CCCN2C(=O)CN1,-6.065158901436212,-6.46,-5.871150752009419,-6.46,-6.452493684156391,-6.46,-6.9037451350684655,-6.46,-7.237575947870913,-6.46,-6.476382981328989,-6.46,-5.881732716183195,-6.46,-6.544038971871325,-6.46,-6.3736758563316664,-6.46,-6.971264043190501,-6.46
1493,2016_Furukawa,2016,1.9-40,1493,CCCC[C@@H]1NC(=O)[C@H](CC(C)C)N(C)C(=O)CN(CCCN2CCCC2=O)C(=O)[C@H](Cc2ccc3ccccc3c2)NC(=O)CN(Cc2cc(CC(C)C)on2)C(=O)[C@H]2CCCN2C1=O,6,Circle,-6.36,,,,4.4762,O=C1CNC(=O)CN(CCCN2CCCC2=O)C(=O)C(Cc2ccc3ccccc3c2)NC(=O)CN(Cc2ccon2)C(=O)C2CCCN2C(=O)CN1,-7.525206701287391,-6.36,-6.603351245825353,-6.36,-6.880822705863983,-6.36,-6.500623806137243,-6.36,-6.865607837314377,-6.36,-7.314409781770964,-6.36,-7.008648417281645,-6.36,-6.600820925860212,-6.36,-7.131152681533324,-6.36,-7.743179326156868,-6.36
1492,2016_Furukawa,2016,1.9-39,1492,CCCC[C@@H]1NC(=O)[C@H](CC(C)C)N(C)C(=O)CN(CCCc2cnn(C)c2)C(=O)[C@H](Cc2ccc3ccccc3c2)NC(=O)CN(Cc2cc(CC(C)C)on2)C(=O)[C@H]2CCCN2C1=O,6,Circle,-6.85,,,,4.83,O=C1CNC(=O)CN(CCCc2cn[nH]c2)C(=O)C(Cc2ccc3ccccc3c2)NC(=O)CN(Cc2ccon2)C(=O)C2CCCN2C(=O)CN1,-7.672864671328963,-6.85,-6.883144702849349,-6.85,-7.149270714194883,-6.85,-7.296462503825396,-6.85,-7.467402890523544,-6.85,-7.386436436293737,-6.85,-7.3390064754364674,-6.85,-7.463991580858465,-6.85,-7.429961635298194,-6.85,-7.776773925110727,-6.85
1491,2016_Furukawa,2016,1.9-38,1491,CCCC[C@@H]1NC(=O)[C@H](CC(C)C)N(C)C(=O)CN(CCOc2ccccc2)C(=O)[C@H](Cc2ccc3ccccc3c2)NC(=O)CN(Cc2cc(CC(C)C)on2)C(=O)[C@H]2CCCN2C1=O,6,Circle,-8.27,,,,5.5427,O=C1CNC(=O)CN(CCOc2ccccc2)C(=O)C(Cc2ccc3ccccc3c2)NC(=O)CN(Cc2ccon2)C(=O)C2CCCN2C(=O)CN1,-8.109522994542907,-8.27,-7.910882942560651,-8.27,-8.026873927349016,-8.27,-7.697091581965445,-8.27,-7.991627437922345,-8.27,-7.841646914328536,-8.27,-7.633758501966023,-8.27,-7.493972947686486,-8.27,-7.50743707948701,-8.27,-7.922038768920833,-8.27
1490,2016_Furukawa,2016,1.9-37,1490,CCCC[C@@H]1NC(=O)[C@H](CC(C)C)N(C)C(=O)CN(CCCc2ccccc2)C(=O)[C@H](Cc2ccc3ccccc3c2)NC(=O)CN(Cc2cc(CC(C)C)on2)C(=O)[C@H]2CCCN2C1=O,6,Circle,-10.0,,,,6.0965,O=C1CNC(=O)CN(CCCc2ccccc2)C(=O)C(Cc2ccc3ccccc3c2)NC(=O)CN(Cc2ccon2)C(=O)C2CCCN2C(=O)CN1,-8.263707601652694,-10.0,-7.7961551419424655,-10.0,-8.09460722502972,-10.0,-7.813698797593262,-10.0,-7.960333463786011,-10.0,-7.905238018729304,-10.0,-7.623961477964439,-10.0,-7.9739005604576505,-10.0,-7.725502205770431,-10.0,-7.9309295907432285,-10.0
1489,2016_Furukawa,2016,1.9-36,1489,CCCC[C@@H]1NC(=O)[C@H](CC(C)C)N(C)C(=O)CN(CCc2cccnc2)C(=O)[C@H](Cc2ccc3ccccc3c2)NC(=O)CN(Cc2cc(CC(C)C)on2)C(=O)[C@H]2CCCN2C1=O,6,Circle,-6.93,,,,5.1014,O=C1CNC(=O)CN(CCc2cccnc2)C(=O)C(Cc2ccc3ccccc3c2)NC(=O)CN(Cc2ccon2)C(=O)C2CCCN2C(=O)CN1,-7.4701103657236905,-6.93,-6.819687341467657,-6.93,-7.020179481026184,-6.93,-7.197807909185107,-6.93,-7.212570956748922,-6.93,-7.609723940840121,-6.93,-7.5748763985465075,-6.93,-7.487510872375294,-6.93,-7.284103713830464,-6.93,-7.713825766759215,-6.93
1488,2016_Furukawa,2016,1.9-35,1488,CCCC[C@@H]1NC(=O)[C@H](CC(C)C)N(C)C(=O)CN(CC2CCOCC2)C(=O)[C@H](Cc2ccc3ccccc3c2)NC(=O)CN(Cc2cc(CC(C)C)on2)C(=O)[C@H]2CCCN2C1=O,6,Circle,-6.64,,,,4.8903,O=C1CNC(=O)CN(CC2CCOCC2)C(=O)C(Cc2ccc3ccccc3c2)NC(=O)CN(Cc2ccon2)C(=O)C2CCCN2C(=O)CN1,-6.920708959353166,-6.64,-6.463513986483511,-6.64,-7.103144232949246,-6.64,-6.992842029461654,-6.64,-6.9889038735965885,-6.64,-6.785534283315544,-6.64,-7.360415599318992,-6.64,-7.257995050603492,-6.64,-6.68921242740123,-6.64,-7.543445620273308,-6.64
1487,2016_Furukawa,2016,1.9-34,1487,CCCC[C@@H]1NC(=O)[C@H](CC(C)C)N(C)C(=O)CN(CC2CCCCC2)C(=O)[C@H](Cc2ccc3ccccc3c2)NC(=O)CN(Cc2cc(CC(C)C)on2)C(=O)[C@H]2CCCN2C1=O,6,Circle,-10.0,,,,6.044,O=C1CNC(=O)CN(CC2CCCCC2)C(=O)C(Cc2ccc3ccccc3c2)NC(=O)CN(Cc2ccon2)C(=O)C2CCCN2C(=O)CN1,-8.196968555030155,-10.0,-8.230784222345132,-10.0,-8.264241905848753,-10.0,-8.199242242011128,-10.0,-8.21255821571062,-10.0,-8.124026904571634,-10.0,-7.618741548595707,-10.0,-8.078356362906632,-10.0,-7.421661887492687,-10.0,-7.76002304331083,-10.0
1486,2016_Furukawa,2016,1.9-33,1486,CCCC[C@@H]1NC(=O)[C@H](CC(C)C)N(C)C(=O)CN(Cc2ccccc2)C(=O)[C@H](Cc2ccc3ccccc3c2)NC(=O)CN(Cc2cc(CC(C)C)on2)C(=O)[C@H]2CCCN2C1=O,6,Circle,-7.88,,,,5.6639,O=C1CNC(=O)CN(Cc2ccccc2)C(=O)C(Cc2ccc3ccccc3c2)NC(=O)CN(Cc2ccon2)C(=O)C2CCCN2C(=O)CN1,-8.058730256651701,-7.88,-7.608518862251264,-7.88,-7.900018089360572,-7.88,-7.5435016109005195,-7.88,-7.87952329353355,-7.88,-7.775637638187112,-7.88,-7.344273156422355,-7.88,-7.727635526586564,-7.88,-7.164463654009776,-7.88,-7.73071245087561,-7.88
1485,2016_Furukawa,2016,1.9-32,1485,CCCC[C@@H]1NC(=O)[C@H](CC(C)C)N(C)C(=O)CN(CCCN2CCCC2=O)C(=O)[C@H](Cc2ccccc2)NC(=O)CN(Cc2cc(CC(C)C)on2)C(=O)[C@H]2CCCN2C1=O,6,Circle,-5.71,,,,3.323,O=C1CNC(=O)CN(CCCN2CCCC2=O)C(=O)C(Cc2ccccc2)NC(=O)CN(Cc2ccon2)C(=O)C2CCCN2C(=O)CN1,-5.7279958392926975,-5.71,-5.677125474237174,-5.71,-5.736035948652932,-5.71,-5.7217127976297,-5.71,-5.704936160697852,-5.71,-5.927198357754678,-5.71,-5.785650239680053,-5.71,-5.813006962372487,-5.71,-6.052322577066056,-5.71,-5.865098727340357,-5.71
1484,2016_Furukawa,2016,1.9-31,1484,CCCC[C@@H]1NC(=O)[C@H](CC(C)C)N(C)C(=O)CN(CCCc2cnn(C)c2)C(=O)[C@H](Cc2ccccc2)NC(=O)CN(Cc2cc(CC(C)C)on2)C(=O)[C@H]2CCCN2C1=O,6,Circle,-5.64,,,,3.6768,O=C1CNC(=O)CN(CCCc2cn[nH]c2)C(=O)C(Cc2ccccc2)NC(=O)CN(Cc2ccon2)C(=O)C2CCCN2C(=O)CN1,-5.760692167145279,-5.64,-5.692736618398856,-5.64,-5.600489096348744,-5.64,-5.5345706519206495,-5.64,-5.451243101882795,-5.64,-5.728275291518573,-5.64,-5.752491933496287,-5.64,-5.888910995658025,-5.64,-5.63374443996645,-5.64,-6.476743914944763,-5.64
1482,2016_Furukawa,2016,1.9-29,1482,CCCC[C@@H]1NC(=O)[C@H](CC(C)C)N(C)C(=O)CN(CCOc2ccccc2)C(=O)[C@H](Cc2ccccc2)NC(=O)CN(Cc2cc(CC(C)C)on2)C(=O)[C@H]2CCCN2C1=O,6,Circle,-7.14,,,,4.3895,O=C1CNC(=O)CN(CCOc2ccccc2)C(=O)C(Cc2ccccc2)NC(=O)CN(Cc2ccon2)C(=O)C2CCCN2C(=O)CN1,-6.980464316193113,-7.14,-6.751469552325841,-7.14,-6.833051792141605,-7.14,-6.8627994008838495,-7.14,-6.584470605237296,-7.14,-6.898242469729319,-7.14,-6.817782380038651,-7.14,-6.564813108610847,-7.14,-6.655092651947997,-7.14,-6.940510829425925,-7.14
1481,2016_Furukawa,2016,1.9-28,1481,CCCC[C@@H]1NC(=O)[C@H](CC(C)C)N(C)C(=O)CN(CCCc2ccccc2)C(=O)[C@H](Cc2ccccc2)NC(=O)CN(Cc2cc(CC(C)C)on2)C(=O)[C@H]2CCCN2C1=O,6,Circle,-7.34,,,,4.9433,O=C1CNC(=O)CN(CCCc2ccccc2)C(=O)C(Cc2ccccc2)NC(=O)CN(Cc2ccon2)C(=O)C2CCCN2C(=O)CN1,-7.256134781494219,-7.34,-6.757051305817342,-7.34,-6.964472146351618,-7.34,-7.019066458597772,-7.34,-6.542682562750271,-7.34,-7.0038496977208045,-7.34,-6.798318012116401,-7.34,-6.798837622947067,-7.34,-6.630897465623155,-7.34,-6.906153956485691,-7.34
1479,2016_Furukawa,2016,1.9-26,1479,CCCC[C@@H]1NC(=O)[C@H](CC(C)C)N(C)C(=O)CN(CCc2cccnc2)C(=O)[C@H](Cc2ccccc2)NC(=O)CN(Cc2cc(CC(C)C)on2)C(=O)[C@H]2CCCN2C1=O,6,Circle,-5.57,,,,3.9482,O=C1CNC(=O)CN(CCc2cccnc2)C(=O)C(Cc2ccccc2)NC(=O)CN(Cc2ccon2)C(=O)C2CCCN2C(=O)CN1,-5.764764344312855,-5.57,-5.7094726398633,-5.57,-5.5552411002521245,-5.57,-5.4963062342932485,-5.57,-5.545028654738106,-5.57,-6.182542054767086,-5.57,-5.954198140198637,-5.57,-5.845143690064728,-5.57,-6.005621718809656,-5.57,-6.204988118386771,-5.57
1478,2016_Furukawa,2016,1.9-25,1478,CCCC[C@@H]1NC(=O)[C@H](CC(C)C)N(C)C(=O)CN(CC2CCOCC2)C(=O)[C@H](Cc2ccccc2)NC(=O)CN(Cc2cc(CC(C)C)on2)C(=O)[C@H]2CCCN2C1=O,6,Circle,-5.45,,,,3.7371,O=C1CNC(=O)CN(CC2CCOCC2)C(=O)C(Cc2ccccc2)NC(=O)CN(Cc2ccon2)C(=O)C2CCCN2C(=O)CN1,-5.276160494076368,-5.45,-5.302250400999791,-5.45,-5.405317903046017,-5.45,-5.384906703563004,-5.45,-5.280145902468773,-5.45,-5.646139267666271,-5.45,-5.72346580238878,-5.45,-5.371963128756826,-5.45,-5.23634125123844,-5.45,-5.571158189222736,-5.45
1477,2016_Furukawa,2016,1.9-24,1477,CCCC[C@@H]1NC(=O)[C@H](CC(C)C)N(C)C(=O)CN(CC2CCCCC2)C(=O)[C@H](Cc2ccccc2)NC(=O)CN(Cc2cc(CC(C)C)on2)C(=O)[C@H]2CCCN2C1=O,6,Circle,-7.35,,,,4.8908,O=C1CNC(=O)CN(CC2CCCCC2)C(=O)C(Cc2ccccc2)NC(=O)CN(Cc2ccon2)C(=O)C2CCCN2C(=O)CN1,-7.439174152771965,-7.35,-6.8893973977037115,-7.35,-7.206242568800119,-7.35,-6.7591779478310245,-7.35,-6.960022282905452,-7.35,-6.812403550828278,-7.35,-6.944900917590156,-7.35,-7.048983708922266,-7.35,-6.693893043472068,-7.35,-6.796171667635489,-7.35
1475,2016_Furukawa,2016,1.9-22,1475,CCCC[C@@H]1NC(=O)[C@H](CC(C)C)N(C)C(=O)CN(Cc2ccccc2)C(=O)[C@H](Cc2ccccc2)NC(=O)CN(Cc2cc(CC(C)C)on2)C(=O)[C@H]2CCCN2C1=O,6,Circle,-6.97,,,,4.5107,O=C1CNC(=O)CN(Cc2ccccc2)C(=O)C(Cc2ccccc2)NC(=O)CN(Cc2ccon2)C(=O)C2CCCN2C(=O)CN1,-6.928085251406488,-6.97,-6.304855973148919,-6.97,-6.5795919626737955,-6.97,-6.6836816554351035,-6.97,-6.5135005929189145,-6.97,-6.863020691871717,-6.97,-6.483033788466101,-6.97,-6.596383195571832,-6.97,-6.29893201451685,-6.97,-6.696357855516505,-6.97
1453,2016_Furukawa,2016,1.8-40,1453,CCCC[C@@H]1NC(=O)[C@H](CC(C)C)N(C)C(=O)CN(CCCN2CCCC2=O)C(=O)[C@H](Cc2ccc3ccccc3c2)NC(=O)CN(Cc2ccc3c(c2)OCO3)C(=O)[C@H]2CCCN2C1=O,6,Circle,-6.5,,,,4.0184,O=C1CNC(=O)CN(CCCN2CCCC2=O)C(=O)C(Cc2ccc3ccccc3c2)NC(=O)CN(Cc2ccc3c(c2)OCO3)C(=O)C2CCCN2C(=O)CN1,-7.441567835570303,-6.5,-7.0901707705021,-6.5,-6.8726826927504225,-6.5,-6.77410084140016,-6.5,-6.801178710176105,-6.5,-7.282668105243682,-6.5,-6.473629589361994,-6.5,-6.320115088764761,-6.5,-7.03210659775605,-6.5,-7.556924222812475,-6.5
1452,2016_Furukawa,2016,1.8-39,1452,CCCC[C@@H]1NC(=O)[C@H](CC(C)C)N(C)C(=O)CN(CCCc2cnn(C)c2)C(=O)[C@H](Cc2ccc3ccccc3c2)NC(=O)CN(Cc2ccc3c(c2)OCO3)C(=O)[C@H]2CCCN2C1=O,6,Circle,-7.6,,,,4.3722,O=C1CNC(=O)CN(CCCc2cn[nH]c2)C(=O)C(Cc2ccc3ccccc3c2)NC(=O)CN(Cc2ccc3c(c2)OCO3)C(=O)C2CCCN2C(=O)CN1,-7.522826376093954,-7.6,-7.293028152291862,-7.6,-6.984260213565978,-7.6,-7.3061990846648,-7.6,-7.047389924030776,-7.6,-7.402472018351162,-7.6,-7.334378287964869,-7.6,-7.327345620297637,-7.6,-7.226681819253424,-7.6,-7.681949401049177,-7.6
1451,2016_Furukawa,2016,1.8-38,1451,CCCC[C@@H]1NC(=O)[C@H](CC(C)C)N(C)C(=O)CN(CCOc2ccccc2)C(=O)[C@H](Cc2ccc3ccccc3c2)NC(=O)CN(Cc2ccc3c(c2)OCO3)C(=O)[C@H]2CCCN2C1=O,6,Circle,-8.88,,,,5.0849,O=C1CNC(=O)CN(CCOc2ccccc2)C(=O)C(Cc2ccc3ccccc3c2)NC(=O)CN(Cc2ccc3c(c2)OCO3)C(=O)C2CCCN2C(=O)CN1,-7.694775373275536,-8.88,-7.820586201307191,-8.88,-7.966442119134186,-8.88,-8.1307399915416,-8.88,-7.729984906661978,-8.88,-7.565532531291206,-8.88,-7.4325645872399875,-8.88,-7.049436531728424,-8.88,-7.437897722310259,-8.88,-7.929054628268563,-8.88
1450,2016_Furukawa,2016,1.8-37,1450,CCCC[C@@H]1NC(=O)[C@H](CC(C)C)N(C)C(=O)CN(CCCc2ccccc2)C(=O)[C@H](Cc2ccc3ccccc3c2)NC(=O)CN(Cc2ccc3c(c2)OCO3)C(=O)[C@H]2CCCN2C1=O,6,Circle,-9.29,,,,5.6387,O=C1CNC(=O)CN(CCCc2ccccc2)C(=O)C(Cc2ccc3ccccc3c2)NC(=O)CN(Cc2ccc3c(c2)OCO3)C(=O)C2CCCN2C(=O)CN1,-7.897002832680821,-9.29,-7.954371074211506,-9.29,-8.022489516166868,-9.29,-8.209572345761654,-9.29,-7.8528864483461005,-9.29,-7.72333326467456,-9.29,-7.312446770417324,-9.29,-7.454813904470812,-9.29,-7.386214366112251,-9.29,-7.92585414613418,-9.29
1449,2016_Furukawa,2016,1.8-36,1449,CCCC[C@@H]1NC(=O)[C@H](CC(C)C)N(C)C(=O)CN(CCc2cccnc2)C(=O)[C@H](Cc2ccc3ccccc3c2)NC(=O)CN(Cc2ccc3c(c2)OCO3)C(=O)[C@H]2CCCN2C1=O,6,Circle,-7.42,,,,4.6436,O=C1CNC(=O)CN(CCc2cccnc2)C(=O)C(Cc2ccc3ccccc3c2)NC(=O)CN(Cc2ccc3c(c2)OCO3)C(=O)C2CCCN2C(=O)CN1,-7.283502732923274,-7.42,-7.297002039750039,-7.42,-7.070013476825589,-7.42,-7.307469504204301,-7.42,-7.200291755816529,-7.42,-7.847058080074108,-7.42,-6.893785259600459,-7.42,-7.111283132929064,-7.42,-7.171089471294385,-7.42,-7.65241351034462,-7.42
1448,2016_Furukawa,2016,1.8-35,1448,CCCC[C@@H]1NC(=O)[C@H](CC(C)C)N(C)C(=O)CN(CC2CCOCC2)C(=O)[C@H](Cc2ccc3ccccc3c2)NC(=O)CN(Cc2ccc3c(c2)OCO3)C(=O)[C@H]2CCCN2C1=O,6,Circle,-7.16,,,,4.4325,O=C1CNC(=O)CN(CC2CCOCC2)C(=O)C(Cc2ccc3ccccc3c2)NC(=O)CN(Cc2ccc3c(c2)OCO3)C(=O)C2CCCN2C(=O)CN1,-6.9501348724440355,-7.16,-6.854848843133142,-7.16,-6.976864998239047,-7.16,-6.971476540421808,-7.16,-6.726091828370413,-7.16,-6.865478936427078,-7.16,-7.33832646203361,-7.16,-7.120786178309443,-7.16,-6.483532917635918,-7.16,-7.521710793457936,-7.16
1447,2016_Furukawa,2016,1.8-34,1447,CCCC[C@@H]1NC(=O)[C@H](CC(C)C)N(C)C(=O)CN(CC2CCCCC2)C(=O)[C@H](Cc2ccc3ccccc3c2)NC(=O)CN(Cc2ccc3c(c2)OCO3)C(=O)[C@H]2CCCN2C1=O,6,Circle,-9.12,,,,5.5862,O=C1CNC(=O)CN(CC2CCCCC2)C(=O)C(Cc2ccc3ccccc3c2)NC(=O)CN(Cc2ccc3c(c2)OCO3)C(=O)C2CCCN2C(=O)CN1,-7.36691752481814,-9.12,-7.7063919256914435,-9.12,-7.6808864696391455,-9.12,-7.96675312870164,-9.12,-8.040971988815487,-9.12,-7.921700376263329,-9.12,-7.622408767708022,-9.12,-7.560128155661459,-9.12,-7.44242339016424,-9.12,-7.801323421905579,-9.12
1446,2016_Furukawa,2016,1.8-33,1446,CCCC[C@@H]1NC(=O)[C@H](CC(C)C)N(C)C(=O)CN(Cc2ccccc2)C(=O)[C@H](Cc2ccc3ccccc3c2)NC(=O)CN(Cc2ccc3c(c2)OCO3)C(=O)[C@H]2CCCN2C1=O,6,Circle,-8.53,,,,5.2061,O=C1CNC(=O)CN(Cc2ccccc2)C(=O)C(Cc2ccc3ccccc3c2)NC(=O)CN(Cc2ccc3c(c2)OCO3)C(=O)C2CCCN2C(=O)CN1,-7.630564587320716,-8.53,-7.7566628264845,-8.53,-7.8060417732102625,-8.53,-8.166002287467402,-8.53,-7.5416969984783355,-8.53,-7.546859490145992,-8.53,-7.262048304497458,-8.53,-7.199077549530989,-8.53,-7.747126832345365,-8.53,-7.66888477294858,-8.53
1445,2016_Furukawa,2016,1.8-32,1445,CCCC[C@@H]1NC(=O)[C@H](CC(C)C)N(C)C(=O)CN(CCCN2CCCC2=O)C(=O)[C@H](Cc2ccccc2)NC(=O)CN(Cc2ccc3c(c2)OCO3)C(=O)[C@H]2CCCN2C1=O,6,Circle,-5.86,,,,2.8652,O=C1CNC(=O)CN(CCCN2CCCC2=O)C(=O)C(Cc2ccccc2)NC(=O)CN(Cc2ccc3c(c2)OCO3)C(=O)C2CCCN2C(=O)CN1,-5.8238552785794155,-5.86,-6.059169727081047,-5.86,-5.849659179702058,-5.86,-5.874814937832288,-5.86,-5.987524418264038,-5.86,-6.038000998344232,-5.86,-5.840004254179699,-5.86,-5.955211022332803,-5.86,-5.769284724781563,-5.86,-5.902827059757714,-5.86
1444,2016_Furukawa,2016,1.8-31,1444,CCCC[C@@H]1NC(=O)[C@H](CC(C)C)N(C)C(=O)CN(CCCc2cnn(C)c2)C(=O)[C@H](Cc2ccccc2)NC(=O)CN(Cc2ccc3c(c2)OCO3)C(=O)[C@H]2CCCN2C1=O,6,Circle,-5.73,,,,3.219,O=C1CNC(=O)CN(CCCc2cn[nH]c2)C(=O)C(Cc2ccccc2)NC(=O)CN(Cc2ccc3c(c2)OCO3)C(=O)C2CCCN2C(=O)CN1,-5.917956432678865,-5.73,-5.968251912856357,-5.73,-5.7227974490618685,-5.73,-5.633788492234281,-5.73,-5.899433462833302,-5.73,-5.9132901134195235,-5.73,-5.7758297842132045,-5.73,-5.56231211537676,-5.73,-5.844062823287282,-5.73,-6.47631736209491,-5.73
1442,2016_Furukawa,2016,1.8-29,1442,CCCC[C@@H]1NC(=O)[C@H](CC(C)C)N(C)C(=O)CN(CCOc2ccccc2)C(=O)[C@H](Cc2ccccc2)NC(=O)CN(Cc2ccc3c(c2)OCO3)C(=O)[C@H]2CCCN2C1=O,6,Circle,-7.76,,,,3.9317,O=C1CNC(=O)CN(CCOc2ccccc2)C(=O)C(Cc2ccccc2)NC(=O)CN(Cc2ccc3c(c2)OCO3)C(=O)C2CCCN2C(=O)CN1,-6.8473213875176855,-7.76,-6.905275026083177,-7.76,-7.076760959628174,-7.76,-7.061298752761144,-7.76,-6.7644061143894465,-7.76,-7.107271398923666,-7.76,-6.400383830765216,-7.76,-6.46201581978044,-7.76,-6.720020296032527,-7.76,-7.024853863548067,-7.76
1441,2016_Furukawa,2016,1.8-28,1441,CCCC[C@@H]1NC(=O)[C@H](CC(C)C)N(C)C(=O)CN(CCCc2ccccc2)C(=O)[C@H](Cc2ccccc2)NC(=O)CN(Cc2ccc3c(c2)OCO3)C(=O)[C@H]2CCCN2C1=O,6,Circle,-8.01,,,,4.4855,O=C1CNC(=O)CN(CCCc2ccccc2)C(=O)C(Cc2ccccc2)NC(=O)CN(Cc2ccc3c(c2)OCO3)C(=O)C2CCCN2C(=O)CN1,-6.9061832319031,-8.01,-6.932603016010901,-8.01,-6.955591787986394,-8.01,-6.9341360238000895,-8.01,-6.704738695115101,-8.01,-7.063768128653923,-8.01,-6.4891953176670105,-8.01,-6.5990572767597255,-8.01,-6.579052148465716,-8.01,-6.959219713477625,-8.01
1439,2016_Furukawa,2016,1.8-26,1439,CCCC[C@@H]1NC(=O)[C@H](CC(C)C)N(C)C(=O)CN(CCc2cccnc2)C(=O)[C@H](Cc2ccccc2)NC(=O)CN(Cc2ccc3c(c2)OCO3)C(=O)[C@H]2CCCN2C1=O,6,Circle,-5.8,,,,3.4904,O=C1CNC(=O)CN(CCc2cccnc2)C(=O)C(Cc2ccccc2)NC(=O)CN(Cc2ccc3c(c2)OCO3)C(=O)C2CCCN2C(=O)CN1,-5.925755492927316,-5.8,-6.0569697295537805,-5.8,-5.740586328075981,-5.8,-5.777056610652543,-5.8,-5.706885870103278,-5.8,-6.407990819786523,-5.8,-6.09295340571512,-5.8,-5.54525267290364,-5.8,-6.212104577196415,-5.8,-6.37847357407214,-5.8
1435,2016_Furukawa,2016,1.8-22,1435,CCCC[C@@H]1NC(=O)[C@H](CC(C)C)N(C)C(=O)CN(Cc2ccccc2)C(=O)[C@H](Cc2ccccc2)NC(=O)CN(Cc2ccc3c(c2)OCO3)C(=O)[C@H]2CCCN2C1=O,6,Circle,-7.51,,,,4.0529,O=C1CNC(=O)CN(Cc2ccccc2)C(=O)C(Cc2ccccc2)NC(=O)CN(Cc2ccc3c(c2)OCO3)C(=O)C2CCCN2C(=O)CN1,-6.763175266754466,-7.51,-6.72451034360677,-7.51,-6.837110055137409,-7.51,-6.996975317671655,-7.51,-6.812496274868969,-7.51,-7.068940638525255,-7.51,-6.200611276514067,-7.51,-6.379770597508069,-7.51,-6.3624983238635195,-7.51,-6.751761193366189,-7.51
1413,2016_Furukawa,2016,1.7-40,1413,CCCC[C@@H]1NC(=O)[C@H](CC(C)C)N(C)C(=O)CN(CCCN2CCCC2=O)C(=O)[C@H](Cc2ccc3ccccc3c2)NC(=O)CN(CCCCc2ccccc2)C(=O)[C@H]2CCCN2C1=O,6,Circle,-7.28,,,,5.1124,O=C1CNC(=O)CN(CCCN2CCCC2=O)C(=O)C(Cc2ccc3ccccc3c2)NC(=O)CN(CCCCc2ccccc2)C(=O)C2CCCN2C(=O)CN1,-7.917302830103029,-7.28,-7.3232768938446595,-7.28,-7.357365278926375,-7.28,-7.276793430608031,-7.28,-7.383699240422684,-7.28,-7.459841595642338,-7.28,-7.229555930574717,-7.28,-7.093153078423095,-7.28,-7.233565994879502,-7.28,-7.871112232353864,-7.28
1412,2016_Furukawa,2016,1.7-39,1412,CCCC[C@@H]1NC(=O)[C@H](CC(C)C)N(C)C(=O)CN(CCCc2cnn(C)c2)C(=O)[C@H](Cc2ccc3ccccc3c2)NC(=O)CN(CCCCc2ccccc2)C(=O)[C@H]2CCCN2C1=O,6,Circle,-8.0,,,,5.4662,O=C1CNC(=O)CN(CCCc2cn[nH]c2)C(=O)C(Cc2ccc3ccccc3c2)NC(=O)CN(CCCCc2ccccc2)C(=O)C2CCCN2C(=O)CN1,-8.040183444872806,-8.0,-7.836418747770114,-8.0,-7.370738467700195,-8.0,-7.907713628171036,-8.0,-7.429090608145247,-8.0,-7.47609980444812,-8.0,-7.566820760970574,-8.0,-7.921928123426899,-8.0,-7.578890247506015,-8.0,-7.936443164793044,-8.0
1411,2016_Furukawa,2016,1.7-38,1411,CCCC[C@@H]1NC(=O)[C@H](CC(C)C)N(C)C(=O)CN(CCOc2ccccc2)C(=O)[C@H](Cc2ccc3ccccc3c2)NC(=O)CN(CCCCc2ccccc2)C(=O)[C@H]2CCCN2C1=O,6,Circle,-7.95,,,,6.1789,O=C1CNC(=O)CN(CCOc2ccccc2)C(=O)C(Cc2ccc3ccccc3c2)NC(=O)CN(CCCCc2ccccc2)C(=O)C2CCCN2C(=O)CN1,-8.18268927539052,-7.95,-7.953143955574561,-7.95,-8.348853205202664,-7.95,-8.347705564314882,-7.95,-7.777267488611836,-7.95,-7.74358428421213,-7.95,-7.491774174606336,-7.95,-7.807293826043024,-7.95,-8.188562169012185,-7.95,-7.8459527382685135,-7.95
1410,2016_Furukawa,2016,1.7-37,1410,CCCC[C@@H]1NC(=O)[C@H](CC(C)C)N(C)C(=O)CN(CCCc2ccccc2)C(=O)[C@H](Cc2ccc3ccccc3c2)NC(=O)CN(CCCCc2ccccc2)C(=O)[C@H]2CCCN2C1=O,6,Circle,-9.27,,,,6.7327,O=C1CNC(=O)CN(CCCc2ccccc2)C(=O)C(Cc2ccc3ccccc3c2)NC(=O)CN(CCCCc2ccccc2)C(=O)C2CCCN2C(=O)CN1,-8.331729646226016,-9.27,-8.053217795735627,-9.27,-8.41456683302227,-9.27,-8.36798263118201,-9.27,-7.785417631242446,-9.27,-7.76755673247524,-9.27,-7.434676424574904,-9.27,-8.1339516050134,-9.27,-8.35038509985811,-9.27,-7.6595224276731635,-9.27
1409,2016_Furukawa,2016,1.7-36,1409,CCCC[C@@H]1NC(=O)[C@H](CC(C)C)N(C)C(=O)CN(CCc2cccnc2)C(=O)[C@H](Cc2ccc3ccccc3c2)NC(=O)CN(CCCCc2ccccc2)C(=O)[C@H]2CCCN2C1=O,6,Circle,-7.62,,,,5.7376,O=C1CNC(=O)CN(CCc2cccnc2)C(=O)C(Cc2ccc3ccccc3c2)NC(=O)CN(CCCCc2ccccc2)C(=O)C2CCCN2C(=O)CN1,-7.790827015974031,-7.62,-7.608694848695841,-7.62,-7.3553335872208665,-7.62,-8.09656255576054,-7.62,-7.4102209875812335,-7.62,-7.649107280504766,-7.62,-7.260793691457092,-7.62,-7.831103534153085,-7.62,-7.626356273896518,-7.62,-7.863956563408165,-7.62
1408,2016_Furukawa,2016,1.7-35,1408,CCCC[C@@H]1NC(=O)[C@H](CC(C)C)N(C)C(=O)CN(CC2CCOCC2)C(=O)[C@H](Cc2ccc3ccccc3c2)NC(=O)CN(CCCCc2ccccc2)C(=O)[C@H]2CCCN2C1=O,6,Circle,-7.61,,,,5.5265,O=C1CNC(=O)CN(CC2CCOCC2)C(=O)C(Cc2ccc3ccccc3c2)NC(=O)CN(CCCCc2ccccc2)C(=O)C2CCCN2C(=O)CN1,-7.472447056074449,-7.61,-7.146632253286727,-7.61,-7.365693856895794,-7.61,-7.3154821748178005,-7.61,-7.028625160665239,-7.61,-7.276988674266341,-7.61,-7.523151188519808,-7.61,-7.495671033209581,-7.61,-7.093308360580073,-7.61,-7.945857382100828,-7.61
1407,2016_Furukawa,2016,1.7-34,1407,CCCC[C@@H]1NC(=O)[C@H](CC(C)C)N(C)C(=O)CN(CC2CCCCC2)C(=O)[C@H](Cc2ccc3ccccc3c2)NC(=O)CN(CCCCc2ccccc2)C(=O)[C@H]2CCCN2C1=O,6,Circle,-8.84,,,,6.6802,O=C1CNC(=O)CN(CC2CCCCC2)C(=O)C(Cc2ccc3ccccc3c2)NC(=O)CN(CCCCc2ccccc2)C(=O)C2CCCN2C(=O)CN1,-8.534892805854646,-8.84,-8.39103073318594,-8.84,-8.361672943880068,-8.84,-8.442317034578254,-8.84,-8.115841141661285,-8.84,-8.002301054745587,-8.84,-7.750224572235382,-8.84,-8.189772590643003,-8.84,-8.496472549503396,-8.84,-7.777039741448266,-8.84
1406,2016_Furukawa,2016,1.7-33,1406,CCCC[C@@H]1NC(=O)[C@H](CC(C)C)N(C)C(=O)CN(Cc2ccccc2)C(=O)[C@H](Cc2ccc3ccccc3c2)NC(=O)CN(CCCCc2ccccc2)C(=O)[C@H]2CCCN2C1=O,6,Circle,-8.95,,,,6.3001,O=C1CNC(=O)CN(Cc2ccccc2)C(=O)C(Cc2ccc3ccccc3c2)NC(=O)CN(CCCCc2ccccc2)C(=O)C2CCCN2C(=O)CN1,-8.113022464400334,-8.95,-7.7481858677873,-8.95,-8.227152957452677,-8.95,-8.231383088298212,-8.95,-7.740341502995558,-8.95,-7.678602653141123,-8.95,-7.333565255079868,-8.95,-7.9495527634968095,-8.95,-7.917688419631183,-8.95,-7.5283139028142125,-8.95
1405,2016_Furukawa,2016,1.7-32,1405,CCCC[C@@H]1NC(=O)[C@H](CC(C)C)N(C)C(=O)CN(CCCN2CCCC2=O)C(=O)[C@H](Cc2ccccc2)NC(=O)CN(CCCCc2ccccc2)C(=O)[C@H]2CCCN2C1=O,6,Circle,-6.12,,,,3.9592,O=C1CNC(=O)CN(CCCN2CCCC2=O)C(=O)C(Cc2ccccc2)NC(=O)CN(CCCCc2ccccc2)C(=O)C2CCCN2C(=O)CN1,-5.879818995783059,-6.12,-5.704259973692232,-6.12,-5.715483993408271,-6.12,-5.74333558753396,-6.12,-5.901575243465873,-6.12,-6.086215134094247,-6.12,-6.1414197497426795,-6.12,-6.154901552541355,-6.12,-5.97989920167771,-6.12,-5.824367827967906,-6.12
1404,2016_Furukawa,2016,1.7-31,1404,CCCC[C@@H]1NC(=O)[C@H](CC(C)C)N(C)C(=O)CN(CCCc2cnn(C)c2)C(=O)[C@H](Cc2ccccc2)NC(=O)CN(CCCCc2ccccc2)C(=O)[C@H]2CCCN2C1=O,6,Circle,-6.32,,,,4.313,O=C1CNC(=O)CN(CCCc2cn[nH]c2)C(=O)C(Cc2ccccc2)NC(=O)CN(CCCCc2ccccc2)C(=O)C2CCCN2C(=O)CN1,-5.9781149109033995,-6.32,-6.189214734982223,-6.32,-5.995853378873181,-6.32,-5.9127652569461,-6.32,-5.890482754415598,-6.32,-5.935967235775661,-6.32,-6.154964361112735,-6.32,-5.863607907319983,-6.32,-5.848002648852961,-6.32,-6.534983517568519,-6.32
1402,2016_Furukawa,2016,1.7-29,1402,CCCC[C@@H]1NC(=O)[C@H](CC(C)C)N(C)C(=O)CN(CCOc2ccccc2)C(=O)[C@H](Cc2ccccc2)NC(=O)CN(CCCCc2ccccc2)C(=O)[C@H]2CCCN2C1=O,6,Circle,-8.56,,,,5.0257,O=C1CNC(=O)CN(CCOc2ccccc2)C(=O)C(Cc2ccccc2)NC(=O)CN(CCCCc2ccccc2)C(=O)C2CCCN2C(=O)CN1,-7.237047320656939,-8.56,-6.823847344887461,-8.56,-7.419043574305257,-8.56,-7.711571893558846,-8.56,-6.935895109052234,-8.56,-6.888999007137526,-8.56,-6.731624158723778,-8.56,-6.683926711828358,-8.56,-6.939923874003881,-8.56,-7.165773701110484,-8.56
1401,2016_Furukawa,2016,1.7-28,1401,CCCC[C@@H]1NC(=O)[C@H](CC(C)C)N(C)C(=O)CN(CCCc2ccccc2)C(=O)[C@H](Cc2ccccc2)NC(=O)CN(CCCCc2ccccc2)C(=O)[C@H]2CCCN2C1=O,6,Circle,-8.51,,,,5.5795,O=C1CNC(=O)CN(CCCc2ccccc2)C(=O)C(Cc2ccccc2)NC(=O)CN(CCCCc2ccccc2)C(=O)C2CCCN2C(=O)CN1,-7.3609807373196965,-8.51,-6.9915923142097505,-8.51,-7.4167235809606264,-8.51,-7.722041584280591,-8.51,-6.928533065110808,-8.51,-6.997969457416444,-8.51,-6.728850006812499,-8.51,-7.056102978394608,-8.51,-7.166170421976057,-8.51,-7.151287155968129,-8.51
1399,2016_Furukawa,2016,1.7-26,1399,CCCC[C@@H]1NC(=O)[C@H](CC(C)C)N(C)C(=O)CN(CCc2cccnc2)C(=O)[C@H](Cc2ccccc2)NC(=O)CN(CCCCc2ccccc2)C(=O)[C@H]2CCCN2C1=O,6,Circle,-6.4,,,,4.5844,O=C1CNC(=O)CN(CCc2cccnc2)C(=O)C(Cc2ccccc2)NC(=O)CN(CCCCc2ccccc2)C(=O)C2CCCN2C(=O)CN1,-5.763451347407731,-6.4,-6.270951867358156,-6.4,-6.018922832173696,-6.4,-6.156376788689344,-6.4,-5.710271577692295,-6.4,-6.3188704939280695,-6.4,-6.056804554420671,-6.4,-6.164762136479594,-6.4,-6.308501847921735,-6.4,-6.229260444879918,-6.4
1398,2016_Furukawa,2016,1.7-25,1398,CCCC[C@@H]1NC(=O)[C@H](CC(C)C)N(C)C(=O)CN(CC2CCOCC2)C(=O)[C@H](Cc2ccccc2)NC(=O)CN(CCCCc2ccccc2)C(=O)[C@H]2CCCN2C1=O,6,Circle,-5.83,,,,4.3733,O=C1CNC(=O)CN(CC2CCOCC2)C(=O)C(Cc2ccccc2)NC(=O)CN(CCCCc2ccccc2)C(=O)C2CCCN2C(=O)CN1,-5.561317029468291,-5.83,-5.536863262175232,-5.83,-5.979083295516238,-5.83,-5.451808935592089,-5.83,-5.550498204348434,-5.83,-5.617370715706613,-5.83,-6.369029970033573,-5.83,-5.830106255033563,-5.83,-5.51149241182066,-5.83,-5.81107812422472,-5.83
1397,2016_Furukawa,2016,1.7-24,1397,CCCC[C@@H]1NC(=O)[C@H](CC(C)C)N(C)C(=O)CN(CC2CCCCC2)C(=O)[C@H](Cc2ccccc2)NC(=O)CN(CCCCc2ccccc2)C(=O)[C@H]2CCCN2C1=O,6,Circle,-8.53,,,,5.527,O=C1CNC(=O)CN(CC2CCCCC2)C(=O)C(Cc2ccccc2)NC(=O)CN(CCCCc2ccccc2)C(=O)C2CCCN2C(=O)CN1,-7.717765926265016,-8.53,-7.063431628323781,-8.53,-7.488985440643038,-8.53,-7.391566090516011,-8.53,-6.837251423122616,-8.53,-7.017393195957118,-8.53,-7.136194954756868,-8.53,-7.220372911145102,-8.53,-7.28048179926144,-8.53,-7.20386536038116,-8.53
1395,2016_Furukawa,2016,1.7-22,1395,CCCC[C@@H]1NC(=O)[C@H](CC(C)C)N(C)C(=O)CN(Cc2ccccc2)C(=O)[C@H](Cc2ccccc2)NC(=O)CN(CCCCc2ccccc2)C(=O)[C@H]2CCCN2C1=O,6,Circle,-8.45,,,,5.1469,O=C1CNC(=O)CN(Cc2ccccc2)C(=O)C(Cc2ccccc2)NC(=O)CN(CCCCc2ccccc2)C(=O)C2CCCN2C(=O)CN1,-7.16262809646957,-8.45,-6.739247343841027,-8.45,-7.305127248184834,-8.45,-7.696035885924735,-8.45,-6.888067982075896,-8.45,-6.869056103019682,-8.45,-6.529381894639728,-8.45,-6.836436275283505,-8.45,-6.817880892374799,-8.45,-6.925998236954012,-8.45
1373,2016_Furukawa,2016,1.6-40,1373,CCCC[C@@H]1NC(=O)[C@H](CC(C)C)N(C)C(=O)CN(CCCN2CCCC2=O)C(=O)[C@H](Cc2ccc3ccccc3c2)NC(=O)CN(Cc2ccc(Cl)cc2)C(=O)[C@H]2CCCN2C1=O,6,Circle,-7.11,,,,4.9431,O=C1CNC(=O)CN(CCCN2CCCC2=O)C(=O)C(Cc2ccc3ccccc3c2)NC(=O)CN(Cc2ccccc2)C(=O)C2CCCN2C(=O)CN1,-7.548825506960735,-7.11,-7.394096466137839,-7.11,-7.254236109270854,-7.11,-7.178793692548036,-7.11,-7.7532229092822575,-7.11,-7.814971332086873,-7.11,-7.452153069574446,-7.11,-6.692137854188019,-7.11,-7.520994603208472,-7.11,-7.768830825356089,-7.11
1372,2016_Furukawa,2016,1.6-39,1372,CCCC[C@@H]1NC(=O)[C@H](CC(C)C)N(C)C(=O)CN(CCCc2cnn(C)c2)C(=O)[C@H](Cc2ccc3ccccc3c2)NC(=O)CN(Cc2ccc(Cl)cc2)C(=O)[C@H]2CCCN2C1=O,6,Circle,-7.99,,,,5.2969,O=C1CNC(=O)CN(CCCc2cn[nH]c2)C(=O)C(Cc2ccc3ccccc3c2)NC(=O)CN(Cc2ccccc2)C(=O)C2CCCN2C(=O)CN1,-7.764482702333923,-7.99,-7.5508383867060065,-7.99,-7.35818588112082,-7.99,-7.807613963307162,-7.99,-7.843510300212286,-7.99,-7.735829526686602,-7.99,-7.745850847137155,-7.99,-7.753378748006108,-7.99,-7.595990430674084,-7.99,-8.030606710038722,-7.99
1371,2016_Furukawa,2016,1.6-38,1371,CCCC[C@@H]1NC(=O)[C@H](CC(C)C)N(C)C(=O)CN(CCOc2ccccc2)C(=O)[C@H](Cc2ccc3ccccc3c2)NC(=O)CN(Cc2ccc(Cl)cc2)C(=O)[C@H]2CCCN2C1=O,6,Circle,-9.41,,,,6.0096,O=C1CNC(=O)CN(CCOc2ccccc2)C(=O)C(Cc2ccc3ccccc3c2)NC(=O)CN(Cc2ccccc2)C(=O)C2CCCN2C(=O)CN1,-7.936314041278997,-9.41,-8.14906929698735,-9.41,-8.550563725298263,-9.41,-8.576847261836068,-9.41,-8.414932163516324,-9.41,-7.813129318370964,-9.41,-7.765373877207597,-9.41,-7.994609077963094,-9.41,-8.692481375946818,-9.41,-8.030244273692396,-9.41
1370,2016_Furukawa,2016,1.6-37,1370,CCCC[C@@H]1NC(=O)[C@H](CC(C)C)N(C)C(=O)CN(CCCc2ccccc2)C(=O)[C@H](Cc2ccc3ccccc3c2)NC(=O)CN(Cc2ccc(Cl)cc2)C(=O)[C@H]2CCCN2C1=O,6,Circle,-10.0,,,,6.5634,O=C1CNC(=O)CN(CCCc2ccccc2)C(=O)C(Cc2ccc3ccccc3c2)NC(=O)CN(Cc2ccccc2)C(=O)C2CCCN2C(=O)CN1,-8.080757392387664,-10.0,-8.254726170743718,-10.0,-8.676769493181503,-10.0,-8.595343759969836,-10.0,-8.558902878038229,-10.0,-7.954445654172206,-10.0,-7.6585246145870265,-10.0,-8.297983661083276,-10.0,-8.773867926850775,-10.0,-7.868065585302595,-10.0
1369,2016_Furukawa,2016,1.6-36,1369,CCCC[C@@H]1NC(=O)[C@H](CC(C)C)N(C)C(=O)CN(CCc2cccnc2)C(=O)[C@H](Cc2ccc3ccccc3c2)NC(=O)CN(Cc2ccc(Cl)cc2)C(=O)[C@H]2CCCN2C1=O,6,Circle,-8.45,,,,5.5683,O=C1CNC(=O)CN(CCc2cccnc2)C(=O)C(Cc2ccc3ccccc3c2)NC(=O)CN(Cc2ccccc2)C(=O)C2CCCN2C(=O)CN1,-7.658569696503569,-8.45,-7.6564241312162755,-8.45,-7.41305046223948,-8.45,-7.846612381323896,-8.45,-7.921441238728242,-8.45,-7.980361633948474,-8.45,-7.2947146612240426,-8.45,-7.414743204720614,-8.45,-7.5925128895513705,-8.45,-7.9974689411724915,-8.45
1368,2016_Furukawa,2016,1.6-35,1368,CCCC[C@@H]1NC(=O)[C@H](CC(C)C)N(C)C(=O)CN(CC2CCOCC2)C(=O)[C@H](Cc2ccc3ccccc3c2)NC(=O)CN(Cc2ccc(Cl)cc2)C(=O)[C@H]2CCCN2C1=O,6,Circle,-7.82,,,,5.3572,O=C1CNC(=O)CN(CC2CCOCC2)C(=O)C(Cc2ccc3ccccc3c2)NC(=O)CN(Cc2ccccc2)C(=O)C2CCCN2C(=O)CN1,-7.030113977044878,-7.82,-7.069315430656115,-7.82,-7.320322191640462,-7.82,-7.421587864098858,-7.82,-7.639313039337537,-7.82,-7.501062273861175,-7.82,-7.735028070392516,-7.82,-7.456584788940619,-7.82,-6.85063774687459,-7.82,-7.953439381269631,-7.82
1367,2016_Furukawa,2016,1.6-34,1367,CCCC[C@@H]1NC(=O)[C@H](CC(C)C)N(C)C(=O)CN(CC2CCCCC2)C(=O)[C@H](Cc2ccc3ccccc3c2)NC(=O)CN(Cc2ccc(Cl)cc2)C(=O)[C@H]2CCCN2C1=O,6,Circle,-10.0,,,,6.5109,O=C1CNC(=O)CN(CC2CCCCC2)C(=O)C(Cc2ccc3ccccc3c2)NC(=O)CN(Cc2ccccc2)C(=O)C2CCCN2C(=O)CN1,-7.7759421915788645,-10.0,-8.347468021574384,-10.0,-8.565321652446865,-10.0,-8.487526516247408,-10.0,-8.803714604496038,-10.0,-8.322849287860794,-10.0,-7.931854159629156,-10.0,-8.344009292411906,-10.0,-8.745778887383791,-10.0,-7.9583830308436525,-10.0
1366,2016_Furukawa,2016,1.6-33,1366,CCCC[C@@H]1NC(=O)[C@H](CC(C)C)N(C)C(=O)CN(Cc2ccccc2)C(=O)[C@H](Cc2ccc3ccccc3c2)NC(=O)CN(Cc2ccc(Cl)cc2)C(=O)[C@H]2CCCN2C1=O,6,Circle,-9.46,,,,6.1308,O=C1CNC(=O)CN(Cc2ccccc2)C(=O)C(Cc2ccc3ccccc3c2)NC(=O)CN(Cc2ccccc2)C(=O)C2CCCN2C(=O)CN1,-7.889033685596624,-9.46,-8.040830398203532,-9.46,-8.48233152107449,-9.46,-8.520896707438922,-9.46,-8.403754964988298,-9.46,-7.801441859335705,-9.46,-7.534166426088403,-9.46,-8.091007795762279,-9.46,-8.42950798198477,-9.46,-7.7433028840022065,-9.46
1365,2016_Furukawa,2016,1.6-32,1365,CCCC[C@@H]1NC(=O)[C@H](CC(C)C)N(C)C(=O)CN(CCCN2CCCC2=O)C(=O)[C@H](Cc2ccccc2)NC(=O)CN(Cc2ccc(Cl)cc2)C(=O)[C@H]2CCCN2C1=O,6,Circle,-5.78,,,,3.7899,O=C1CNC(=O)CN(CCCN2CCCC2=O)C(=O)C(Cc2ccccc2)NC(=O)CN(Cc2ccccc2)C(=O)C2CCCN2C(=O)CN1,-6.210941686376372,-5.78,-6.090074549661253,-5.78,-5.832017790908732,-5.78,-5.947421729832936,-5.78,-6.121309012884918,-5.78,-6.333191293456273,-5.78,-6.048469102850396,-5.78,-5.973478103602387,-5.78,-5.959021487843515,-5.78,-6.291367742002885,-5.78
1364,2016_Furukawa,2016,1.6-31,1364,CCCC[C@@H]1NC(=O)[C@H](CC(C)C)N(C)C(=O)CN(CCCc2cnn(C)c2)C(=O)[C@H](Cc2ccccc2)NC(=O)CN(Cc2ccc(Cl)cc2)C(=O)[C@H]2CCCN2C1=O,6,Circle,-6.11,,,,4.1437,O=C1CNC(=O)CN(CCCc2cn[nH]c2)C(=O)C(Cc2ccccc2)NC(=O)CN(Cc2ccccc2)C(=O)C2CCCN2C(=O)CN1,-6.367521172903269,-6.11,-6.27573199758551,-6.11,-5.726245993050609,-6.11,-6.105895909130071,-6.11,-6.095389693707424,-6.11,-6.4895342668913845,-6.11,-6.14703370062766,-6.11,-6.264092792897956,-6.11,-6.4110288400512925,-6.11,-6.49976686012613,-6.11
1362,2016_Furukawa,2016,1.6-29,1362,CCCC[C@@H]1NC(=O)[C@H](CC(C)C)N(C)C(=O)CN(CCOc2ccccc2)C(=O)[C@H](Cc2ccccc2)NC(=O)CN(Cc2ccc(Cl)cc2)C(=O)[C@H]2CCCN2C1=O,6,Circle,-8.36,,,,4.8564,O=C1CNC(=O)CN(CCOc2ccccc2)C(=O)C(Cc2ccccc2)NC(=O)CN(Cc2ccccc2)C(=O)C2CCCN2C(=O)CN1,-7.177526278469638,-8.36,-6.97915627273314,-8.36,-7.31230094989715,-8.36,-7.61278227579568,-8.36,-7.340057273688714,-8.36,-7.286752415569045,-8.36,-6.664318860966793,-8.36,-6.94043903229958,-8.36,-7.18539435301008,-8.36,-7.288958201391768,-8.36
1361,2016_Furukawa,2016,1.6-28,1361,CCCC[C@@H]1NC(=O)[C@H](CC(C)C)N(C)C(=O)CN(CCCc2ccccc2)C(=O)[C@H](Cc2ccccc2)NC(=O)CN(Cc2ccc(Cl)cc2)C(=O)[C@H]2CCCN2C1=O,6,Circle,-8.47,,,,5.4102,O=C1CNC(=O)CN(CCCc2ccccc2)C(=O)C(Cc2ccccc2)NC(=O)CN(Cc2ccccc2)C(=O)C2CCCN2C(=O)CN1,-7.410862820496747,-8.47,-7.025332956310532,-8.47,-7.492633736481743,-8.47,-7.895068874117841,-8.47,-7.2833907516688505,-8.47,-7.355855758259138,-8.47,-6.802084634071858,-8.47,-7.256953936614799,-8.47,-7.761088534928468,-8.47,-7.2368034330541136,-8.47
1359,2016_Furukawa,2016,1.6-26,1359,CCCC[C@@H]1NC(=O)[C@H](CC(C)C)N(C)C(=O)CN(CCc2cccnc2)C(=O)[C@H](Cc2ccccc2)NC(=O)CN(Cc2ccc(Cl)cc2)C(=O)[C@H]2CCCN2C1=O,6,Circle,-6.12,,,,4.4151,O=C1CNC(=O)CN(CCc2cccnc2)C(=O)C(Cc2ccccc2)NC(=O)CN(Cc2ccccc2)C(=O)C2CCCN2C(=O)CN1,-6.549286618270228,-6.12,-6.583249775805992,-6.12,-5.904384285162872,-6.12,-6.230743027710603,-6.12,-6.122420115157626,-6.12,-6.777843976233664,-6.12,-6.473758490249292,-6.12,-6.098767873729512,-6.12,-6.593742619709567,-6.12,-6.361327084540412,-6.12
1358,2016_Furukawa,2016,1.6-25,1358,CCCC[C@@H]1NC(=O)[C@H](CC(C)C)N(C)C(=O)CN(CC2CCOCC2)C(=O)[C@H](Cc2ccccc2)NC(=O)CN(Cc2ccc(Cl)cc2)C(=O)[C@H]2CCCN2C1=O,6,Circle,-6.0,,,,4.204,O=C1CNC(=O)CN(CC2CCOCC2)C(=O)C(Cc2ccccc2)NC(=O)CN(Cc2ccccc2)C(=O)C2CCCN2C(=O)CN1,-5.698641639843142,-6.0,-5.7626542184210665,-6.0,-5.612860687381705,-6.0,-5.63818225373986,-6.0,-5.672352565464971,-6.0,-5.959054937512455,-6.0,-6.098449837505312,-6.0,-5.870184078839708,-6.0,-5.723396565470041,-6.0,-5.8143950401484945,-6.0
1357,2016_Furukawa,2016,1.6-24,1357,CCCC[C@@H]1NC(=O)[C@H](CC(C)C)N(C)C(=O)CN(CC2CCCCC2)C(=O)[C@H](Cc2ccccc2)NC(=O)CN(Cc2ccc(Cl)cc2)C(=O)[C@H]2CCCN2C1=O,6,Circle,-8.61,,,,5.3577,O=C1CNC(=O)CN(CC2CCCCC2)C(=O)C(Cc2ccccc2)NC(=O)CN(Cc2ccccc2)C(=O)C2CCCN2C(=O)CN1,-7.121798573447597,-8.61,-7.521964142697567,-8.61,-7.2541859069390995,-8.61,-7.3725500928649526,-8.61,-7.39390734471511,-8.61,-7.580444293522923,-8.61,-7.374963700757268,-8.61,-7.398216285429564,-8.61,-7.7553094784812355,-8.61,-7.346499646532676,-8.61
1355,2016_Furukawa,2016,1.6-22,1355,CCCC[C@@H]1NC(=O)[C@H](CC(C)C)N(C)C(=O)CN(Cc2ccccc2)C(=O)[C@H](Cc2ccccc2)NC(=O)CN(Cc2ccc(Cl)cc2)C(=O)[C@H]2CCCN2C1=O,6,Circle,-8.11,,,,4.9776,O=C1CNC(=O)CN(Cc2ccccc2)C(=O)C(Cc2ccccc2)NC(=O)CN(Cc2ccccc2)C(=O)C2CCCN2C(=O)CN1,-7.09463699701427,-8.11,-6.71599325643818,-8.11,-6.9902755883065915,-8.11,-7.707121584859184,-8.11,-7.377163364344412,-8.11,-7.22796515114433,-8.11,-6.476868697237218,-8.11,-6.896528577707091,-8.11,-7.5774353817055005,-8.11,-6.946966337248041,-8.11
1333,2016_Furukawa,2016,1.5-40,1333,CCCC[C@@H]1NC(=O)[C@H](CC(C)C)N(C)C(=O)CN(CCCN2CCCC2=O)C(=O)[C@H](Cc2ccc3ccccc3c2)NC(=O)CN(CCN2CCOCC2)C(=O)[C@H]2CCCN2C1=O,6,Circle,-6.47,,,,2.4217,O=C1CNC(=O)CN(CCCN2CCCC2=O)C(=O)C(Cc2ccc3ccccc3c2)NC(=O)CN(CCN2CCOCC2)C(=O)C2CCCN2C(=O)CN1,-6.754487202243137,-6.47,-7.4795450646923225,-6.47,-6.773137980713515,-6.47,-6.981663272546391,-6.47,-7.019785988248462,-6.47,-7.806885751213285,-6.47,-7.866046360694995,-6.47,-7.482794636024719,-6.47,-7.176910826823804,-6.47,-7.095039172235177,-6.47
1332,2016_Furukawa,2016,1.5-39,1332,CCCC[C@@H]1NC(=O)[C@H](CC(C)C)N(C)C(=O)CN(CCCc2cnn(C)c2)C(=O)[C@H](Cc2ccc3ccccc3c2)NC(=O)CN(CCN2CCOCC2)C(=O)[C@H]2CCCN2C1=O,6,Circle,-6.05,,,,2.7755,O=C1CNC(=O)CN(CCCc2cn[nH]c2)C(=O)C(Cc2ccc3ccccc3c2)NC(=O)CN(CCN2CCOCC2)C(=O)C2CCCN2C(=O)CN1,-6.281164006760395,-6.05,-6.579911765997811,-6.05,-6.238812579458309,-6.05,-6.424339081112016,-6.05,-6.517511714700754,-6.05,-7.051296355584201,-6.05,-6.849873803187601,-6.05,-7.03510103883483,-6.05,-6.7341425125011956,-6.05,-6.5592547309279245,-6.05
1331,2016_Furukawa,2016,1.5-38,1331,CCCC[C@@H]1NC(=O)[C@H](CC(C)C)N(C)C(=O)CN(CCOc2ccccc2)C(=O)[C@H](Cc2ccc3ccccc3c2)NC(=O)CN(CCN2CCOCC2)C(=O)[C@H]2CCCN2C1=O,6,Circle,-6.5,,,,3.4882,O=C1CNC(=O)CN(CCOc2ccccc2)C(=O)C(Cc2ccc3ccccc3c2)NC(=O)CN(CCN2CCOCC2)C(=O)C2CCCN2C(=O)CN1,-5.913643790794719,-6.5,-6.968168529567967,-6.5,-6.939153919394688,-6.5,-6.664883164117191,-6.5,-5.897878470652714,-6.5,-6.3417740555156294,-6.5,-5.980187113720023,-6.5,-6.17283435974828,-6.5,-6.069654848619288,-6.5,-6.48975444474551,-6.5
1330,2016_Furukawa,2016,1.5-37,1330,CCCC[C@@H]1NC(=O)[C@H](CC(C)C)N(C)C(=O)CN(CCCc2ccccc2)C(=O)[C@H](Cc2ccc3ccccc3c2)NC(=O)CN(CCN2CCOCC2)C(=O)[C@H]2CCCN2C1=O,6,Circle,-6.37,,,,4.042,O=C1CNC(=O)CN(CCCc2ccccc2)C(=O)C(Cc2ccc3ccccc3c2)NC(=O)CN(CCN2CCOCC2)C(=O)C2CCCN2C(=O)CN1,-5.912970706649404,-6.37,-6.705200089051072,-6.37,-6.866165628632386,-6.37,-6.438275738185928,-6.37,-5.764354850237596,-6.37,-6.437892653208692,-6.37,-5.938970721066092,-6.37,-6.458946464800839,-6.37,-5.885793762013354,-6.37,-6.3353763749914,-6.37
1329,2016_Furukawa,2016,1.5-36,1329,CCCC[C@@H]1NC(=O)[C@H](CC(C)C)N(C)C(=O)CN(CCc2cccnc2)C(=O)[C@H](Cc2ccc3ccccc3c2)NC(=O)CN(CCN2CCOCC2)C(=O)[C@H]2CCCN2C1=O,6,Circle,-6.02,,,,3.0469,O=C1CNC(=O)CN(CCc2cccnc2)C(=O)C(Cc2ccc3ccccc3c2)NC(=O)CN(CCN2CCOCC2)C(=O)C2CCCN2C(=O)CN1,-6.4409824898491435,-6.02,-6.557377375215715,-6.02,-6.223463522636131,-6.02,-6.180362149303859,-6.02,-6.854422846850159,-6.02,-7.086185974333254,-6.02,-6.250106963141,-6.02,-7.343413817173696,-6.02,-6.790411534461867,-6.02,-6.767283175515154,-6.02
1328,2016_Furukawa,2016,1.5-35,1328,CCCC[C@@H]1NC(=O)[C@H](CC(C)C)N(C)C(=O)CN(CC2CCOCC2)C(=O)[C@H](Cc2ccc3ccccc3c2)NC(=O)CN(CCN2CCOCC2)C(=O)[C@H]2CCCN2C1=O,6,Circle,-5.84,,,,2.8358,O=C1CNC(=O)CN(CC2CCOCC2)C(=O)C(Cc2ccc3ccccc3c2)NC(=O)CN(CCN2CCOCC2)C(=O)C2CCCN2C(=O)CN1,-6.274690354858289,-5.84,-6.653134816666256,-5.84,-6.094450431456105,-5.84,-6.462297442617112,-5.84,-6.399625675373685,-5.84,-6.800233882256077,-5.84,-6.9311192087331,-5.84,-6.585631325446545,-5.84,-6.242944392766102,-5.84,-6.568265548567685,-5.84
1327,2016_Furukawa,2016,1.5-34,1327,CCCC[C@@H]1NC(=O)[C@H](CC(C)C)N(C)C(=O)CN(CC2CCCCC2)C(=O)[C@H](Cc2ccc3ccccc3c2)NC(=O)CN(CCN2CCOCC2)C(=O)[C@H]2CCCN2C1=O,6,Circle,-6.42,,,,3.9895,O=C1CNC(=O)CN(CC2CCCCC2)C(=O)C(Cc2ccc3ccccc3c2)NC(=O)CN(CCN2CCOCC2)C(=O)C2CCCN2C(=O)CN1,-5.821914112475458,-6.42,-6.068075854492392,-6.42,-6.548910713005627,-6.42,-5.670235232032204,-6.42,-5.728866059423682,-6.42,-5.976426196574993,-6.42,-5.848289225134784,-6.42,-6.310604140134816,-6.42,-5.936514925404963,-6.42,-6.204105403329534,-6.42
1326,2016_Furukawa,2016,1.5-33,1326,CCCC[C@@H]1NC(=O)[C@H](CC(C)C)N(C)C(=O)CN(Cc2ccccc2)C(=O)[C@H](Cc2ccc3ccccc3c2)NC(=O)CN(CCN2CCOCC2)C(=O)[C@H]2CCCN2C1=O,6,Circle,-5.92,,,,3.6094,O=C1CNC(=O)CN(Cc2ccccc2)C(=O)C(Cc2ccc3ccccc3c2)NC(=O)CN(CCN2CCOCC2)C(=O)C2CCCN2C(=O)CN1,-5.780720065981393,-5.92,-6.607525441700365,-5.92,-6.6629818203728455,-5.92,-6.466722538837523,-5.92,-5.759725605288942,-5.92,-6.315089846487467,-5.92,-5.8939715660174485,-5.92,-6.134075376799403,-5.92,-5.63396339337346,-5.92,-6.2302816337746325,-5.92
1325,2016_Furukawa,2016,1.5-32,1325,CCCC[C@@H]1NC(=O)[C@H](CC(C)C)N(C)C(=O)CN(CCCN2CCCC2=O)C(=O)[C@H](Cc2ccccc2)NC(=O)CN(CCN2CCOCC2)C(=O)[C@H]2CCCN2C1=O,6,Circle,-7.35,,,,1.2685,O=C1CNC(=O)CN(CCCN2CCCC2=O)C(=O)C(Cc2ccccc2)NC(=O)CN(CCN2CCOCC2)C(=O)C2CCCN2C(=O)CN1,-7.123488755721126,-7.35,-7.456874871593729,-7.35,-8.22304772021297,-7.35,-7.973809283490824,-7.35,-8.180014415009008,-7.35,-7.7101076774349,-7.35,-7.913639506958811,-7.35,-7.914512426439119,-7.35,-7.376891648398042,-7.35,-8.063601552532505,-7.35
1324,2016_Furukawa,2016,1.5-31,1324,CCCC[C@@H]1NC(=O)[C@H](CC(C)C)N(C)C(=O)CN(CCCc2cnn(C)c2)C(=O)[C@H](Cc2ccccc2)NC(=O)CN(CCN2CCOCC2)C(=O)[C@H]2CCCN2C1=O,6,Circle,-6.63,,,,1.6223,O=C1CNC(=O)CN(CCCc2cn[nH]c2)C(=O)C(Cc2ccccc2)NC(=O)CN(CCN2CCOCC2)C(=O)C2CCCN2C(=O)CN1,-6.62384899145679,-6.63,-6.729483157284827,-6.63,-6.871531378521293,-6.63,-6.950452672127316,-6.63,-7.275090558609847,-6.63,-7.434894264848172,-6.63,-7.528806241868205,-6.63,-7.636602224736165,-6.63,-6.91132290432905,-6.63,-7.27498837293235,-6.63
1322,2016_Furukawa,2016,1.5-29,1322,CCCC[C@@H]1NC(=O)[C@H](CC(C)C)N(C)C(=O)CN(CCOc2ccccc2)C(=O)[C@H](Cc2ccccc2)NC(=O)CN(CCN2CCOCC2)C(=O)[C@H]2CCCN2C1=O,6,Circle,-5.76,,,,2.335,O=C1CNC(=O)CN(CCOc2ccccc2)C(=O)C(Cc2ccccc2)NC(=O)CN(CCN2CCOCC2)C(=O)C2CCCN2C(=O)CN1,-5.445147776311178,-5.76,-5.771380964329922,-5.76,-5.566580148426205,-5.76,-5.9126781264024615,-5.76,-5.884818462057145,-5.76,-6.33614944637507,-5.76,-5.569785695319114,-5.76,-5.785532706671092,-5.76,-5.665249019006731,-5.76,-5.638759023988166,-5.76
1321,2016_Furukawa,2016,1.5-28,1321,CCCC[C@@H]1NC(=O)[C@H](CC(C)C)N(C)C(=O)CN(CCCc2ccccc2)C(=O)[C@H](Cc2ccccc2)NC(=O)CN(CCN2CCOCC2)C(=O)[C@H]2CCCN2C1=O,6,Circle,-5.49,,,,2.8888,O=C1CNC(=O)CN(CCCc2ccccc2)C(=O)C(Cc2ccccc2)NC(=O)CN(CCN2CCOCC2)C(=O)C2CCCN2C(=O)CN1,-5.507080450578402,-5.49,-5.618077166035838,-5.49,-5.4861584618496275,-5.49,-5.566874405330846,-5.49,-5.733729201599829,-5.49,-6.28936504743135,-5.49,-5.544476846513959,-5.49,-5.923244270162932,-5.49,-5.293238971136473,-5.49,-5.602393389897505,-5.49
1319,2016_Furukawa,2016,1.5-26,1319,CCCC[C@@H]1NC(=O)[C@H](CC(C)C)N(C)C(=O)CN(CCc2cccnc2)C(=O)[C@H](Cc2ccccc2)NC(=O)CN(CCN2CCOCC2)C(=O)[C@H]2CCCN2C1=O,6,Circle,-6.65,,,,1.8937,O=C1CNC(=O)CN(CCc2cccnc2)C(=O)C(Cc2ccccc2)NC(=O)CN(CCN2CCOCC2)C(=O)C2CCCN2C(=O)CN1,-6.745693668309773,-6.65,-6.900761157446859,-6.65,-6.809896439701653,-6.65,-6.781528337605604,-6.65,-7.047531959896228,-6.65,-7.54597610720851,-6.65,-7.6144998411592555,-6.65,-7.334501734496833,-6.65,-7.175101316613157,-6.65,-7.4128433080501335,-6.65
1318,2016_Furukawa,2016,1.5-25,1318,CCCC[C@@H]1NC(=O)[C@H](CC(C)C)N(C)C(=O)CN(CC2CCOCC2)C(=O)[C@H](Cc2ccccc2)NC(=O)CN(CCN2CCOCC2)C(=O)[C@H]2CCCN2C1=O,6,Circle,-6.45,,,,1.6826,O=C1CNC(=O)CN(CC2CCOCC2)C(=O)C(Cc2ccccc2)NC(=O)CN(CCN2CCOCC2)C(=O)C2CCCN2C(=O)CN1,-6.118645144699106,-6.45,-7.0491423304804695,-6.45,-6.691928974641373,-6.45,-6.859933081498751,-6.45,-6.818658917203621,-6.45,-7.63091288686852,-6.45,-7.560686837486461,-6.45,-7.061453033097756,-6.45,-6.759237333516149,-6.45,-6.745851566331046,-6.45
1317,2016_Furukawa,2016,1.5-24,1317,CCCC[C@@H]1NC(=O)[C@H](CC(C)C)N(C)C(=O)CN(CC2CCCCC2)C(=O)[C@H](Cc2ccccc2)NC(=O)CN(CCN2CCOCC2)C(=O)[C@H]2CCCN2C1=O,6,Circle,-5.32,,,,2.8363,O=C1CNC(=O)CN(CC2CCCCC2)C(=O)C(Cc2ccccc2)NC(=O)CN(CCN2CCOCC2)C(=O)C2CCCN2C(=O)CN1,-5.494037417272396,-5.32,-5.563021571167088,-5.32,-5.255851257644103,-5.32,-5.754872982226655,-5.32,-5.559895557680029,-5.32,-6.143768322796131,-5.32,-6.090436443354879,-5.32,-5.6101425817543245,-5.32,-5.274642847532817,-5.32,-5.551839530507286,-5.32
1315,2016_Furukawa,2016,1.5-22,1315,CCCC[C@@H]1NC(=O)[C@H](CC(C)C)N(C)C(=O)CN(Cc2ccccc2)C(=O)[C@H](Cc2ccccc2)NC(=O)CN(CCN2CCOCC2)C(=O)[C@H]2CCCN2C1=O,6,Circle,-5.42,,,,2.4562,O=C1CNC(=O)CN(Cc2ccccc2)C(=O)C(Cc2ccccc2)NC(=O)CN(CCN2CCOCC2)C(=O)C2CCCN2C(=O)CN1,-5.470654484638936,-5.42,-5.5850990205481805,-5.42,-5.463357030282877,-5.42,-5.585363445468542,-5.42,-5.909180841070002,-5.42,-6.41785318473875,-5.42,-5.547374695412294,-5.42,-5.971811519764185,-5.42,-5.502333102139746,-5.42,-5.684700488491747,-5.42
1099,2015_Wang,2015,Compound.55,1099,CC[C@H](C)[C@@H]1NC(=O)[C@H](Cc2ccc(O)cc2)NC(=O)[C@H](Cc2ccccc2)NC(=O)CNC(=O)[C@H](C(C)C)NC(=O)CNC1=O,6,Circle,-8.0,-7.22,,,0.0647,O=C1CNC(=O)CNC(=O)C(Cc2ccccc2)NC(=O)C(Cc2ccccc2)NC(=O)CNC(=O)CN1,-7.758164666528918,-8.0,-7.575370184674364,-8.0,-7.6743225425905806,-8.0,-7.6583923742985025,-8.0,-7.780446821205125,-8.0,-7.310815250291988,-8.0,-7.281089681597829,-8.0,-7.574636072971656,-8.0,-7.356018609725561,-8.0,-7.874563392206899,-8.0
1097,2015_Wang,2015,Compound.53,1097,CC[C@H](C)[C@@H]1NC(=O)[C@H](C(C)C)NC(=O)[C@H](CC(C)C)NC(=O)CNC(=O)[C@@H]2CCCN2C(=O)[C@H](Cc2ccc(O)cc2)NC1=O,6,Circle,-10.0,-6.96,,,0.7429,O=C1CNC(=O)CNC(=O)C2CCCN2C(=O)C(Cc2ccccc2)NC(=O)CNC(=O)CN1,-6.915661231774288,-10.0,-6.797588408605348,-10.0,-7.412535971824026,-10.0,-7.366595717853389,-10.0,-7.052231165300553,-10.0,-6.927750309463584,-10.0,-6.92256177046637,-10.0,-6.862564752291082,-10.0,-6.300048821599984,-10.0,-6.76578089021724,-10.0
1096,2015_Wang,2015,Compound.52,1096,CC(C)C[C@@H]1NC(=O)CNC(=O)[C@@H]2CCCN2C(=O)[C@H](Cc2ccc(O)cc2)NC(=O)[C@H](Cc2ccccc2)NC(=O)[C@@H]2CCCN2C1=O,6,Circle,-8.0,-6.96,,,0.7897,O=C1CNC(=O)C2CCCN2C(=O)C(Cc2ccccc2)NC(=O)C(Cc2ccccc2)NC(=O)C2CCCN2C(=O)CN1,-7.596320808768647,-8.0,-7.800202941481097,-8.0,-7.936713656292298,-8.0,-7.6635891504854055,-8.0,-7.500188241247124,-8.0,-7.526061031434212,-8.0,-7.6496411394473265,-8.0,-6.979572473439194,-8.0,-7.267799309974398,-8.0,-7.439425164430738,-8.0
1094,2015_Wang,2015,Compound.50,1094,C[C@@H]1NC(=O)[C@H](C)N(C)C(=O)[C@H](C)NC(=O)[C@H](C)N(C)C(=O)[C@H](C)NC(=O)[C@@H](C)NC1=O,6,Circle,-8.0,-6.85,,,-2.2874,O=C1CNC(=O)CNC(=O)CNC(=O)CNC(=O)CNC(=O)CN1,-8.025204671989833,-8.0,-7.613704284474001,-8.0,-6.780719534628822,-8.0,-6.976284721619454,-8.0,-7.0119081181310925,-8.0,-7.019074027907216,-8.0,-7.295548287083266,-8.0,-6.966254050845469,-8.0,-7.607157388371685,-8.0,-6.683064255805222,-8.0
1075,2015_Wang,2015,Compound.31,1075,CC(C)C[C@@H]1NC(=O)[C@H](CC(C)C)NC(=O)[C@H](Cc2cc3ccccc3[nH]2)NC(=O)[C@H]2CCCN2C(=O)[C@H](Cc2cc3ccccc3[nH]2)NC(=O)[C@H](Cc2cc3ccccc3[nH]2)NC1=O,6,Circle,-10.0,-10.0,,,4.6792,O=C1CNC(=O)C(Cc2cc3ccccc3[nH]2)NC(=O)C2CCCN2C(=O)C(Cc2cc3ccccc3[nH]2)NC(=O)C(Cc2cc3ccccc3[nH]2)NC(=O)CN1,-7.577050126117468,-10.0,-8.025988763397546,-10.0,-8.616497308345245,-10.0,-8.91053136361135,-10.0,-8.319598714708029,-10.0,-7.674276124913548,-10.0,-7.438845889631513,-10.0,-8.070214012212213,-10.0,-9.225508139722168,-10.0,-7.465655938429184,-10.0
1074,2015_Wang,2015,Compound.30,1074,CC(C)C[C@@H]1NC(=O)[C@H](Cc2cc3ccccc3[nH]2)NC(=O)[C@H]2CCCN2C(=O)[C@H](CC(C)C)NC(=O)[C@H](Cc2cc3ccccc3[nH]2)NC(=O)[C@@H](CC(C)C)NC1=O,6,Circle,-10.0,-10.0,,,4.0013,O=C1CNC(=O)C(Cc2cc3ccccc3[nH]2)NC(=O)C2CCCN2C(=O)CNC(=O)C(Cc2cc3ccccc3[nH]2)NC(=O)CN1,-6.708429290035993,-10.0,-6.9764177411015975,-10.0,-7.509072718207191,-10.0,-7.554466646137359,-10.0,-7.336377253538369,-10.0,-6.719354586398252,-10.0,-6.704342141219589,-10.0,-6.435266381115009,-10.0,-6.826198561633548,-10.0,-7.438589868870902,-10.0
1073,2015_Wang,2015,Compound.29,1073,O=C1N[C@H](Cc2ccccc2)C(=O)N[C@@H](Cc2ccccc2)C(=O)N[C@@H](Cc2ccccc2)C(=O)N2CCC[C@@H]2C(=O)N[C@@H](Cc2cc3ccccc3[nH]2)C(=O)N[C@H]1Cc1ccccc1,6,Circle,-10.0,-10.0,,,4.1098,O=C1NC(Cc2ccccc2)C(=O)NC(Cc2ccccc2)C(=O)N2CCCC2C(=O)NC(Cc2cc3ccccc3[nH]2)C(=O)NC(Cc2ccccc2)C(=O)NC1Cc1ccccc1,-7.473472586190756,-10.0,-7.534714755769606,-10.0,-7.786694395644275,-10.0,-8.74660973040866,-10.0,-7.939060364846732,-10.0,-7.823114573288285,-10.0,-7.352385897759242,-10.0,-7.3201188221058375,-10.0,-7.946711155680778,-10.0,-6.381316517648662,-10.0
1068,2015_Wang,2015,Compound.24,1068,CC(C)C[C@@H]1NC(=O)[C@H](Cc2cc3ccccc3[nH]2)NC(=O)[C@@H]2CCCN2C(=O)[C@H]2CCCN2C(=O)[C@@H](CC(C)C)NC(=O)[C@H](CC(C)C)NC1=O,6,Circle,-6.72,-6.68,,,2.7835,O=C1CNC(=O)CNC(=O)C(Cc2cc3ccccc3[nH]2)NC(=O)C2CCCN2C(=O)C2CCCN2C(=O)CN1,-6.012268184725175,-6.72,-5.876977979319327,-6.72,-6.0081016903442395,-6.72,-5.752814644882203,-6.72,-5.7658019519302615,-6.72,-6.034231593554422,-6.72,-6.062241934465861,-6.72,-5.9294917332887085,-6.72,-5.877192688903945,-6.72,-5.9721207483176535,-6.72
