Comp ,Target MS,ALogP,R6,R1,R2,RT (sec),%T1,%R1,Papp1,%T2,%R2,Papp2,%T3,%R3,Papp3,Ave_%R,SD_%R,Ave_Papp,SD_Papp,Ave LogPapp
1.1-01,609.397,0.12,A01,Ala,A11,211,0.9,87.9,0.08,0.8,98.1,0.07,1,88.7,0.08,91.58,5.66,0.07,0.01,-7.13
1.1-02,621.433,2.03,A01,Ala,A12,234,44.9,82.8,4.82,41.4,95.6,4.32,47.1,89.1,5.16,89.21,6.4,4.77,0.42,-5.32
1.1-03,641.402,1.83,A01,Ala,A13,230,35.9,78.1,3.61,33.5,88.9,3.3,36.8,85.4,3.71,84.14,5.47,3.54,0.21,-5.45
1.1-04,647.449,2.44,A01,Ala,A14,243,68.2,68.6,9.26,62.3,75.6,7.89,71,75.4,10.02,73.19,4,9.06,1.08,-5.04
1.1-05,649.428,0.67,A01,Ala,A15,211,0.7,87.5,0.06,0.6,96.2,0.05,0.7,88.2,0.06,90.63,4.82,0.05,0.01,-7.27
1.1-06,651.444,1.35,A01,Leu,A11,238,29.9,82.8,2.88,27.1,91.1,2.56,31.1,86.2,3.01,86.7,4.16,2.81,0.23,-5.55
1.1-07,656.413,1,A01,Ala,A16,190,0.6,90.6,0.05,0.4,103.4,0.03,0.5,97,0.04,96.99,6.42,0.04,0.01,-7.4
1.1-08,663.48,3.26,A01,Leu,A12,259,76.4,26.1,11.69,74.4,29.7,11.02,76.7,30.2,11.78,28.68,2.22,11.5,0.41,-4.94
1.1-09,669.433,2.61,A01,Ala,A17,236,58,70.9,7.03,56.2,79.8,6.69,58.1,80.6,7.03,77.1,5.36,6.92,0.2,-5.16
1.1-10,671.413,1.88,A01,Ala,A18,235,37.8,65.9,3.85,31.3,78.4,3.04,35.8,75.3,3.59,73.21,6.52,3.49,0.41,-5.46
1.1-11,673.44,1.26,A01,Ala,A19,211,0.7,85.2,0.06,0.4,96,0.03,0.6,90.2,0.05,90.45,5.4,0.05,0.01,-7.33
1.1-12,676.439,-0.04,A01,Ala,A20,204,0.1,91.3,0.01,0,104.7,0,0.1,99,0.01,98.34,6.71,0.01,0,-8.28
1.1-13,683.449,3.06,A01,Leu,A13,253,72.2,22.5,10.35,68.9,25.7,9.45,72.9,25.9,10.56,24.72,1.92,10.12,0.59,-4.99
1.1-14,685.428,1.67,A01,Phe,A11,239,40,69.8,4.14,35.5,83.1,3.55,40.1,78.1,4.15,77.03,6.73,3.95,0.34,-5.4
1.1-15,689.496,3.67,A01,Leu,A14,266,58.9,11.8,7.2,54.8,11.9,6.43,56.7,12.4,6.77,12.04,0.29,6.8,0.39,-5.17
1.1-16,691.475,1.9,A01,Leu,A15,235,21.2,80.2,1.93,17.9,95.7,1.59,20.1,90.1,1.81,88.67,7.83,1.78,0.17,-5.75
1.1-17,697.465,3.59,A01,Phe,A12,259,63.7,14.9,8.21,61.2,16.1,7.67,62.5,16.4,7.93,15.8,0.78,7.94,0.27,-5.1
1.1-18,698.46,2.23,A01,Leu,A16,211,9.3,81.5,0.79,7.4,92.6,0.63,9.1,85.7,0.77,86.62,5.57,0.73,0.09,-6.14
1.1-19,711.48,3.84,A01,Leu,A17,259,63.1,13.4,8.08,60.7,14.3,7.57,61,15,7.62,14.25,0.78,7.75,0.28,-5.11
1.1-20,713.46,3.11,A01,Leu,A18,256,57.2,15.9,6.87,53.5,17,6.19,55.4,16.6,6.53,16.52,0.53,6.53,0.34,-5.19
1.1-21,715.487,2.49,A01,Leu,A19,231,12.3,84,1.06,10.3,94.8,0.88,12.5,91.1,1.08,89.96,5.52,1.01,0.11,-6
1.1-22,717.433,3.39,A01,Phe,A13,254,55.9,12.5,6.62,56.2,12.7,6.69,59.1,13.4,7.25,12.89,0.44,6.85,0.34,-5.16
1.1-23,718.486,1.2,A01,Leu,A20,225,1.4,84.4,0.11,0.9,90.6,0.08,1.2,95.8,0.1,90.26,5.71,0.1,0.02,-7.02
1.1-24,723.48,3.99,A01,Phe,A14,266,30,7.7,2.88,30.7,7,2.97,29.4,7.6,2.82,7.45,0.37,2.89,0.07,-5.54
1.1-25,725.46,2.22,A01,Phe,A15,238,33.2,71.6,3.27,29.3,81.3,2.8,34.8,76.5,3.46,76.46,4.83,3.18,0.34,-5.5
1.1-26,732.444,2.56,A01,Phe,A16,213,16.6,77.1,1.47,13.2,89.1,1.14,16.7,83.6,1.48,83.28,6,1.36,0.19,-5.87
1.1-27,735.444,2.58,A01,2-Nal,A11,251,59.2,21,7.25,54.6,23.7,6.4,56.7,23.2,6.77,22.62,1.46,6.8,0.43,-5.17
1.1-28,745.465,4.16,A01,Phe,A17,259,41.4,8.9,4.32,39.4,8.8,4.05,38.9,9.6,3.99,9.09,0.44,4.12,0.17,-5.38
1.1-29,747.444,3.44,A01,Phe,A18,257,37.9,10.1,3.85,30.6,10.3,2.96,33.2,10.9,3.27,10.42,0.42,3.36,0.45,-5.47
1.1-30,747.48,4.5,A01,2-Nal,A12,267,2.9,5.6,0.24,3.2,7.4,0.26,5.6,7.3,0.47,6.79,1,0.32,0.13,-6.49
1.1-31,749.471,2.81,A01,Phe,A19,233,22.9,76.9,2.1,19.1,90.5,1.71,23.9,83.9,2.21,83.75,6.81,2.01,0.26,-5.7
1.1-32,752.471,1.52,A01,Phe,A20,228,3.6,77.8,0.3,2.4,89.4,0.2,3.2,89.5,0.26,85.58,6.72,0.25,0.05,-6.6
1.1-33,767.449,4.3,A01,2-Nal,A13,264,8.3,10.6,0.7,12.4,11.6,1.07,8.4,10.6,0.71,10.92,0.59,0.83,0.21,-6.08
1.1-34,773.496,4.9,A01,2-Nal,A14,275,3,10.2,0.25,2.9,11.5,0.24,3.6,10.5,0.3,10.74,0.67,0.26,0.03,-6.58
1.1-35,775.475,3.13,A01,2-Nal,A15,249,53.7,25.6,6.23,48.4,29,5.35,52.2,27.6,5.98,27.37,1.7,5.85,0.45,-5.23
1.1-36,782.46,3.47,A01,2-Nal,A16,225,35.2,28,3.51,29.3,30.9,2.81,31.1,31.9,3.02,30.28,2.02,3.11,0.36,-5.51
1.1-37,795.48,5.07,A01,2-Nal,A17,267,0,8.4,0,0,9.4,0,3,9.1,0.25,8.97,0.5,0.08,0.14,-7.08
1.1-38,797.46,4.34,A01,2-Nal,A18,266,6.3,8.3,0.53,4.2,9.9,0.35,6.8,8.7,0.57,8.96,0.85,0.48,0.12,-6.32
1.1-39,799.487,3.72,A01,2-Nal,A19,243,37.2,28.3,3.77,29.8,32.7,2.87,36.1,30.6,3.63,30.53,2.24,3.42,0.49,-5.47
1.1-40,802.486,2.43,A01,2-Nal,A20,238,17.9,61.1,1.6,12.5,73.2,1.08,17.4,68.6,1.54,67.6,6.12,1.41,0.28,-5.85
1.2-01,623.413,0.64,A02,Ala,A11,220,3.1,97.4,0.25,3.4,90.5,0.28,3.7,90.4,0.3,92.77,4.02,0.28,0.02,-6.56
1.2-02,635.449,2.56,A02,Ala,A12,241,67.1,83.5,8.99,66.6,81.3,8.89,66.6,84.4,8.88,83.08,1.57,8.92,0.06,-5.05
1.2-03,655.418,2.36,A02,Ala,A13,238,59.7,77,7.36,61.1,76.2,7.65,60.4,79.9,7.49,77.69,1.92,7.5,0.14,-5.12
1.2-04,661.465,2.96,A02,Ala,A14,250,76.6,53.5,11.77,74.6,53.8,11.08,77.4,54.3,12.03,53.89,0.42,11.63,0.49,-4.93
1.2-05,663.444,1.19,A02,Ala,A15,219,2.3,94.5,0.19,2.5,88.8,0.21,2.7,88.7,0.22,90.63,3.33,0.21,0.02,-6.69
1.2-06,665.46,1.87,A02,Leu,A11,245,56.4,85.5,6.72,57.2,83.8,6.86,58.7,84.3,7.15,84.57,0.88,6.91,0.22,-5.16
1.2-07,670.429,1.53,A02,Ala,A16,198,1.3,109.1,0.1,1.4,97.1,0.12,1.5,101.4,0.12,102.53,6.1,0.11,0.01,-6.94
1.2-08,677.496,3.79,A02,Leu,A12,265,55.2,15.6,6.5,52.1,15.8,5.95,46.8,16.6,5.1,16.02,0.52,5.85,0.7,-5.23
1.2-09,683.449,3.13,A02,Ala,A17,244,74.3,66,10.99,71.8,68.1,10.25,75.4,68.9,11.36,67.65,1.5,10.87,0.57,-4.96
1.2-10,685.428,2.4,A02,Ala,A18,242,54.3,61.8,6.34,50.6,61.1,5.71,53.1,62.1,6.13,61.64,0.53,6.06,0.32,-5.22
1.2-11,687.455,1.78,A02,Ala,A19,217,1.6,93.5,0.13,1.6,90.8,0.13,1.9,91.4,0.15,91.92,1.44,0.14,0.01,-6.86
1.2-12,690.455,0.49,A02,Ala,A20,211,0.1,98.7,0.01,0.1,96.2,0.01,0.1,95.8,0.01,96.89,1.58,0.01,0,-7.96
1.2-13,697.465,3.59,A02,Leu,A13,259,57.7,16.7,6.97,54.2,16.4,6.32,50.3,16.9,5.65,16.65,0.22,6.31,0.66,-5.2
1.2-14,699.444,2.2,A02,Phe,A11,246,60,61.7,7.41,61.1,59.9,7.64,61.2,61.6,7.66,61.08,1,7.57,0.14,-5.12
1.2-15,703.512,4.19,A02,Leu,A14,272,24.3,10.9,2.26,23.7,10.7,2.18,17.6,11.2,1.57,10.93,0.24,2,0.38,-5.7
1.2-16,705.491,2.42,A02,Leu,A15,242,43.6,88.4,4.63,42.1,88.1,4.42,43.4,89.1,4.61,88.56,0.53,4.55,0.12,-5.34
1.2-17,711.48,4.11,A02,Phe,A12,265,31.9,10.4,3.11,29.6,10.5,2.85,24.6,11.5,2.29,10.8,0.58,2.75,0.42,-5.56
1.2-18,712.476,2.76,A02,Leu,A16,218,24.9,84.9,2.32,24.8,85,2.31,26.6,85,2.5,84.97,0.06,2.38,0.11,-5.62
1.2-19,725.496,4.36,A02,Leu,A17,265,32.2,10.5,3.15,29.3,10.5,2.8,23.8,11.3,2.2,10.75,0.47,2.72,0.48,-5.57
1.2-20,727.475,3.64,A02,Leu,A18,263,31,9.7,3,28,10.2,2.66,23.1,11.2,2.12,10.39,0.77,2.6,0.44,-5.59
1.2-21,729.502,3.01,A02,Leu,A19,238,26.7,83.7,2.51,27.4,80.7,2.59,27.7,86.7,2.62,83.7,3.04,2.57,0.06,-5.59
1.2-22,731.449,3.91,A02,Phe,A13,260,28.5,10.2,2.71,25.4,10.3,2.37,21.9,11,2,10.5,0.41,2.36,0.36,-5.63
1.2-23,732.502,1.72,A02,Leu,A20,232,3.7,90.3,0.3,2.8,85.5,0.23,4,90.6,0.33,88.79,2.84,0.29,0.05,-6.54
1.2-24,737.496,4.52,A02,Phe,A14,272,7.7,10.4,0.65,8,10.3,0.67,5.5,10.8,0.46,10.54,0.26,0.59,0.12,-6.23
1.2-25,739.475,2.75,A02,Phe,A15,244,54.4,63.2,6.36,53.7,63.7,6.23,55.8,62.6,6.61,63.18,0.56,6.4,0.19,-5.19
1.2-26,746.46,3.08,A02,Phe,A16,221,26.5,68.1,2.49,27.2,66.7,2.57,29,67.1,2.77,67.28,0.71,2.61,0.15,-5.58
1.2-27,749.46,3.11,A02,2-Nal,A11,257,45.8,15.3,4.95,45.2,15,4.87,39,15.2,4,15.17,0.13,4.61,0.53,-5.34
1.2-28,759.48,4.69,A02,Phe,A17,265,12.4,9.7,1.07,11.4,9.7,0.98,8.1,10.5,0.68,9.96,0.47,0.91,0.2,-6.04
1.2-29,761.46,3.96,A02,Phe,A18,263,11.9,9.5,1.03,10.9,10,0.94,8.3,10.6,0.7,10.02,0.57,0.89,0.17,-6.05
1.2-30,761.496,5.02,A02,2-Nal,A12,272,0.4,11.1,0.03,1.4,9.7,0.11,0.6,12.3,0.05,11.03,1.26,0.06,0.04,-7.2
1.2-31,763.487,3.34,A02,Phe,A19,240,37.3,69,3.78,35.7,67.3,3.58,36.9,68.4,3.73,68.24,0.87,3.69,0.1,-5.43
1.2-32,766.486,2.04,A02,Phe,A20,235,6.5,97.7,0.54,6.4,92.6,0.53,7.9,97.5,0.67,95.94,2.88,0.58,0.07,-6.24
1.2-33,781.465,4.82,A02,2-Nal,A13,269,3,18.3,0.24,2.3,20.1,0.19,1.4,17.8,0.11,18.71,1.19,0.18,0.06,-6.74
1.2-34,787.512,5.42,A02,2-Nal,A14,280,0.7,21.5,0.06,0.9,19.5,0.07,0.5,22.5,0.04,21.14,1.54,0.06,0.01,-7.24
1.2-35,789.491,3.66,A02,2-Nal,A15,255,44.5,16.8,4.77,41.5,16.6,4.34,37.4,16.8,3.8,16.73,0.1,4.3,0.49,-5.37
1.2-36,796.476,3.99,A02,2-Nal,A16,231,40.7,21.3,4.23,36.7,20.7,3.7,32.3,22.2,3.16,21.37,0.74,3.7,0.53,-5.43
1.2-37,809.496,5.6,A02,2-Nal,A17,272,0.6,19.2,0.05,0.5,18.7,0.04,0.3,19.4,0.02,19.1,0.36,0.04,0.01,-7.44
1.2-38,811.475,4.87,A02,2-Nal,A18,272,0.9,20.2,0.07,0.6,22.3,0.05,0.4,20.2,0.04,20.86,1.21,0.05,0.02,-7.29
1.2-39,813.502,4.25,A02,2-Nal,A19,249,33.3,18.3,3.28,29.8,18.3,2.86,28.9,18.8,2.76,18.46,0.28,2.97,0.28,-5.53
1.2-40,816.502,2.95,A02,2-Nal,A20,245,19.9,50,1.79,18.4,48.3,1.65,20.2,49.8,1.83,49.35,0.96,1.76,0.09,-5.76
1.3-01,637.428,0.96,A03,Ala,A11,227,9.3,92.9,0.79,10.7,97,0.92,9.6,90.8,0.82,93.59,3.16,0.84,0.07,-6.08
1.3-02,649.465,2.88,A03,Ala,A12,247,75.2,68.7,11.3,79.4,73.8,12.8,81.3,70.5,13.56,70.99,2.62,12.55,1.15,-4.9
1.3-03,669.433,2.67,A03,Ala,A13,244,67.9,62.1,9.19,75.3,68.3,11.31,73.6,66.1,10.78,65.49,3.12,10.42,1.1,-4.98
1.3-04,675.48,3.28,A03,Ala,A14,256,69.2,34.8,9.54,75.3,38.2,11.33,77.7,37.3,12.14,36.77,1.79,11,1.33,-4.96
1.3-05,677.46,1.51,A03,Ala,A15,226,5.9,95.1,0.5,7.2,99.3,0.61,6.5,89.6,0.55,94.7,4.86,0.55,0.06,-6.26
1.3-06,679.475,2.19,A03,Leu,A11,251,66.4,55.2,8.83,71.1,62.4,10.04,72.5,61.3,10.45,59.62,3.91,9.77,0.84,-5.01
1.3-07,684.444,1.85,A03,Ala,A16,204,3.3,87.3,0.27,4.1,95.7,0.34,3.2,93.3,0.27,92.07,4.31,0.29,0.04,-6.54
1.3-08,691.512,4.11,A03,Leu,A12,270,25.6,12,2.4,30,11.8,2.89,33.9,10.9,3.35,11.57,0.56,2.88,0.48,-5.54
1.3-09,697.465,3.45,A03,Ala,A17,249,69.9,43,9.71,74.2,47.7,10.95,78.5,48.7,12.45,46.49,3.02,11.04,1.37,-4.96
1.3-10,699.444,2.72,A03,Ala,A18,248,66.4,44.1,8.82,65,44.9,8.5,68.1,44.8,9.25,44.59,0.42,8.85,0.38,-5.05
1.3-11,701.471,2.1,A03,Ala,A19,224,4,95.6,0.33,5.3,99.6,0.44,4.3,90.1,0.36,95.11,4.79,0.38,0.06,-6.43
1.3-12,704.471,0.81,A03,Ala,A20,218,0.2,102,0.02,0.4,94.4,0.03,0.2,100.7,0.02,99.01,4.06,0.02,0.01,-7.62
1.3-13,711.48,3.91,A03,Leu,A13,264,29.3,12.2,2.81,35.9,12,3.6,42.8,11,4.52,11.72,0.62,3.65,0.86,-5.44
1.3-14,713.46,2.52,A03,Phe,A11,253,61.7,34,7.76,66.6,36.6,8.87,70.2,38.3,9.79,36.29,2.19,8.81,1.02,-5.06
1.3-15,717.527,4.51,A03,Leu,A14,277,6.4,11.5,0.53,7.7,11.5,0.65,8.6,10.5,0.73,11.18,0.56,0.64,0.1,-6.2
1.3-16,719.507,2.74,A03,Leu,A15,248,61.6,73.8,7.75,66.9,80.3,8.94,67.3,76.4,9.04,76.81,3.3,8.58,0.72,-5.07
1.3-17,725.496,4.43,A03,Phe,A12,269,13.7,12.1,1.19,10.6,11.3,0.91,12.5,10.3,1.08,11.24,0.94,1.06,0.14,-5.97
1.3-18,726.491,3.08,A03,Leu,A16,224,43.4,75.2,4.61,48.9,85.1,5.44,48.1,79,5.3,79.75,4.98,5.12,0.45,-5.29
1.3-19,739.512,4.68,A03,Leu,A17,270,9.3,11.5,0.79,11.4,10.8,0.98,12.8,9.8,1.11,10.71,0.83,0.96,0.16,-6.02
1.3-20,741.491,3.95,A03,Leu,A18,268,12.3,10.8,1.06,14.8,10.5,1.3,17.3,8.5,1.54,9.93,1.24,1.3,0.24,-5.89
1.3-21,743.518,3.33,A03,Leu,A19,244,42.3,76.5,4.45,50.4,81.9,5.67,46.7,79.7,5.09,79.37,2.74,5.07,0.61,-5.3
1.3-22,745.465,4.23,A03,Phe,A13,265,7.7,12.9,0.65,10.7,11.4,0.92,12.1,10.1,1.04,11.44,1.38,0.87,0.2,-6.06
1.3-23,746.517,2.04,A03,Leu,A20,238,5.4,85.9,0.45,8,87.4,0.67,5.7,81.5,0.48,84.94,3.07,0.53,0.12,-6.27
1.3-24,751.512,4.84,A03,Phe,A14,277,1.7,15.6,0.14,1.9,15.7,0.16,1.9,15.2,0.16,15.53,0.27,0.15,0.01,-6.82
1.3-25,753.491,3.07,A03,Phe,A15,250,60.1,40.9,7.43,66.3,45.1,8.8,68.1,46.1,9.24,44.02,2.73,8.49,0.94,-5.07
1.3-26,760.476,3.4,A03,Phe,A16,227,38.2,49.3,3.9,44.1,54,4.71,44.1,51.8,4.71,51.69,2.31,4.44,0.47,-5.35
1.3-27,763.475,3.42,A03,2-Nal,A11,262,19.5,12,1.76,24.3,12.1,2.25,28.5,10.1,2.72,11.39,1.08,2.24,0.48,-5.65
1.3-28,773.496,5.01,A03,Phe,A17,270,2.8,14.4,0.23,3.2,14,0.26,3.7,13,0.31,13.8,0.73,0.27,0.04,-6.57
1.3-29,775.475,4.28,A03,Phe,A18,268,4.9,14.6,0.41,5.7,14.6,0.47,6.4,12.7,0.54,13.97,1.09,0.47,0.07,-6.33
1.3-30,775.512,5.34,A03,2-Nal,A12,277,0.1,25.3,0.01,0,27.2,0,0,22.7,0,25.05,2.24,0,0,-8.59
1.3-31,777.502,3.66,A03,Phe,A19,245,47.9,51,5.28,54.7,55.3,6.41,55.7,53.9,6.58,53.43,2.19,6.09,0.71,-5.22
1.3-32,780.502,2.36,A03,Phe,A20,241,9.2,83.2,0.79,13.4,88.6,1.17,9.9,81,0.84,84.26,3.94,0.93,0.21,-6.03
1.3-33,795.48,5.14,A03,2-Nal,A13,274,0.2,33.9,0.02,0.2,33.3,0.01,0.3,30,0.02,32.39,2.1,0.02,0.01,-7.78
1.3-34,801.527,5.74,A03,2-Nal,A14,284,0,40.4,0,0,45,0,0.1,39.6,0.01,41.64,2.92,0,0,-8.71
1.3-35,803.507,3.97,A03,2-Nal,A15,260,26.1,13.3,2.45,31,13.2,3,35.1,12,3.5,12.84,0.7,2.99,0.53,-5.53
1.3-36,810.491,4.31,A03,2-Nal,A16,236,26,17,2.44,33.4,16.8,3.29,32.8,15.2,3.22,16.34,0.98,2.98,0.47,-5.53
1.3-37,823.512,5.92,A03,2-Nal,A17,277,0,38.4,0,0,43.9,0,0,35.6,0,39.3,4.2,0,0,-8.95
1.3-38,825.491,5.19,A03,2-Nal,A18,277,0.1,37.4,0.01,0.1,42.8,0.01,0.2,35.2,0.01,38.45,3.9,0.01,0,-7.97
1.3-39,827.518,4.57,A03,2-Nal,A19,254,19.4,13.4,1.75,26.2,12.9,2.46,26.2,11.2,2.46,12.5,1.16,2.22,0.41,-5.65
1.3-40,830.517,3.27,A03,2-Nal,A20,251,19.8,31.3,1.78,26.7,32.2,2.52,20.5,33.3,1.86,32.25,1.01,2.05,0.4,-5.69
1.4-01,681.455,0.43,A04,Ala,A11,227,5.9,92.2,0.49,5.9,91.1,0.49,5.3,96.7,0.44,93.34,2.98,0.48,0.03,-6.32
1.4-02,693.491,2.34,A04,Ala,A12,248,82.6,71.3,14.15,78.9,71,12.59,78.6,72.4,12.49,71.59,0.75,13.07,0.93,-4.88
1.4-03,713.46,2.14,A04,Ala,A13,245,73.8,66.8,10.85,73,69.5,10.61,72.3,70,10.38,68.77,1.69,10.61,0.23,-4.97
1.4-04,719.507,2.75,A04,Ala,A14,257,87,44.3,16.53,84.3,47.6,15,84,48,14.83,46.62,2.01,15.46,0.94,-4.81
1.4-05,721.486,0.98,A04,Ala,A15,227,4.3,91.6,0.35,4.3,90.7,0.35,3.8,96.6,0.31,92.99,3.2,0.34,0.02,-6.47
1.4-06,723.501,1.66,A04,Leu,A11,252,69.1,66.9,9.49,66.1,72.5,8.75,64.2,72.2,8.32,70.55,3.17,8.85,0.6,-5.05
1.4-07,728.471,1.31,A04,Ala,A16,206,2.4,97.4,0.2,2.2,93.4,0.18,2,101.2,0.16,97.31,3.87,0.18,0.02,-6.74
1.4-08,735.538,3.57,A04,Leu,A12,271,49.2,9.1,5.48,54,9.8,6.28,49.4,11.3,5.51,10.05,1.15,5.76,0.46,-5.24
1.4-09,741.491,2.92,A04,Ala,A17,250,81.2,50.6,13.54,80.4,50.9,13.19,79.2,54.7,12.7,52.06,2.25,13.14,0.42,-4.88
1.4-10,743.47,2.19,A04,Ala,A18,248,67.9,46.2,9.19,64.9,48.7,8.47,65.2,49.9,8.55,48.27,1.93,8.74,0.39,-5.06
1.4-11,745.497,1.57,A04,Ala,A19,225,2.7,97.3,0.22,2.7,93.9,0.22,2.4,99.5,0.2,96.9,2.82,0.21,0.02,-6.67
1.4-12,748.497,0.27,A04,Ala,A20,218,0.3,96.6,0.02,0.2,90.4,0.02,0.2,99.8,0.02,95.59,4.79,0.02,0,-7.72
1.4-13,755.507,3.37,A04,Leu,A13,266,53.2,10.5,6.14,59,10.8,7.22,56.4,12.1,6.72,11.12,0.85,6.69,0.54,-5.17
1.4-14,757.486,1.98,A04,Phe,A11,253,66.3,45.6,8.8,64.9,52.1,8.47,61.4,52.5,7.69,50.09,3.89,8.32,0.57,-5.08
1.4-15,761.554,3.98,A04,Leu,A14,278,16.3,6.6,1.44,23.4,6.5,2.16,17.6,8.4,1.56,7.18,1.02,1.72,0.39,-5.76
1.4-16,763.533,2.21,A04,Leu,A15,249,61.1,75.4,7.64,58.2,75.6,7.07,57.3,78.9,6.89,76.64,1.98,7.2,0.4,-5.14
1.4-17,769.522,3.9,A04,Phe,A12,269,30.8,7,2.98,38.5,7.2,3.94,32.2,8.9,3.14,7.69,1.04,3.35,0.51,-5.47
1.4-18,770.517,2.54,A04,Leu,A16,225,34.5,82.3,3.42,34.8,85.1,3.46,32.1,87.3,3.13,84.92,2.53,3.34,0.18,-5.48
1.4-19,783.538,4.15,A04,Leu,A17,271,25.1,6.6,2.34,30.6,6.7,2.95,24.4,8.5,2.26,7.3,1.08,2.52,0.38,-5.6
1.4-20,785.517,3.42,A04,Leu,A18,269,31.4,5.9,3.04,36.5,6.8,3.68,29.5,7.9,2.83,6.91,1,3.18,0.44,-5.5
1.4-21,787.544,2.8,A04,Leu,A19,245,37.7,72.8,3.83,36,78.2,3.62,35.8,78.5,3.59,76.5,3.2,3.68,0.13,-5.43
1.4-22,789.491,3.7,A04,Phe,A13,266,28,7.2,2.66,34.3,7.2,3.41,30.3,8.7,2.92,7.71,0.87,2.99,0.38,-5.52
1.4-23,790.544,1.5,A04,Leu,A20,239,4.7,85,0.39,4,85.9,0.33,3.6,90.8,0.3,87.24,3.15,0.34,0.05,-6.47
1.4-24,795.538,4.3,A04,Phe,A14,277,8,8.2,0.67,12.4,7.1,1.07,7.2,10.3,0.6,8.53,1.67,0.78,0.25,-6.11
1.4-25,797.517,2.53,A04,Phe,A15,251,62.7,48.9,7.98,60.8,51.9,7.57,60.9,54.1,7.61,51.62,2.63,7.72,0.23,-5.11
1.4-26,804.502,2.87,A04,Phe,A16,227,33.3,57.1,3.28,32.1,61.6,3.13,30,65.3,2.89,61.33,4.1,3.1,0.2,-5.51
1.4-27,807.501,2.89,A04,2-Nal,A11,263,48.5,10.7,5.37,49.6,12.1,5.54,49.1,13.6,5.46,12.14,1.46,5.46,0.09,-5.26
1.4-28,817.522,4.47,A04,Phe,A17,271,13.8,6.6,1.2,20,6.5,1.81,13.3,8.2,1.16,7.09,1,1.39,0.36,-5.86
1.4-29,819.501,3.75,A04,Phe,A18,269,16.7,6.6,1.48,26,7.5,2.44,16.5,8.5,1.46,7.53,0.97,1.79,0.56,-5.75
1.4-30,819.538,4.81,A04,2-Nal,A12,278,0.4,8.9,0.03,1.2,4.7,0.1,0.8,9.8,0.06,7.78,2.7,0.06,0.03,-7.19
1.4-31,821.528,3.12,A04,Phe,A19,245,46,55.1,4.99,42.5,62.1,4.47,42.5,63.8,4.48,60.33,4.6,4.65,0.29,-5.33
1.4-32,824.528,1.83,A04,Phe,A20,241,7.7,83.7,0.65,7.1,85.9,0.59,6.3,87.3,0.52,85.64,1.82,0.59,0.06,-6.23
1.4-33,839.507,4.6,A04,2-Nal,A13,275,2.5,12.3,0.2,4.9,10.5,0.4,2.9,15.2,0.24,12.68,2.34,0.28,0.11,-6.55
1.4-34,845.554,5.21,A04,2-Nal,A14,285,0.7,16,0.06,2.3,11.8,0.19,0.8,18.7,0.07,15.5,3.44,0.1,0.07,-6.98
1.4-35,847.533,3.44,A04,2-Nal,A15,260,47.6,11.2,5.23,48,12.9,5.29,48.4,14,5.36,12.7,1.38,5.29,0.06,-5.28
1.4-36,854.517,3.78,A04,2-Nal,A16,237,43.4,17.5,4.6,46.5,18.6,5.06,44.4,21.3,4.75,19.12,1.95,4.8,0.24,-5.32
1.4-37,867.538,5.38,A04,2-Nal,A17,278,1,13.8,0.08,1.9,12.9,0.15,0.9,17.3,0.07,14.69,2.3,0.1,0.05,-7
1.4-38,869.517,4.65,A04,2-Nal,A18,277,1.7,13.8,0.14,2.8,15.1,0.23,1.4,18,0.11,15.62,2.13,0.16,0.06,-6.8
1.4-39,871.544,4.03,A04,2-Nal,A19,255,35.4,13.3,3.53,37.3,14.8,3.77,36.5,16.3,3.67,14.76,1.5,3.66,0.12,-5.44
1.4-40,874.544,2.74,A04,2-Nal,A20,251,18.3,35.8,1.63,16.3,41.5,1.44,16.2,42.1,1.43,39.8,3.47,1.5,0.12,-5.82
1.5-01,694.45,-0.41,A05,Ala,A11,189,0.1,104.8,0.01,0.1,120.4,0.01,0.1,122.3,0.01,115.84,9.59,0.01,0,-8.12
1.5-02,706.486,1.51,A05,Ala,A12,207,5.1,96.3,0.42,4.5,105.2,0.37,4.1,107.5,0.34,102.99,5.89,0.38,0.04,-6.42
1.5-03,726.455,1.31,A05,Ala,A13,204,4.6,92.2,0.38,3.7,107.2,0.3,3.4,108.6,0.28,102.66,9.09,0.32,0.05,-6.49
1.5-04,732.502,1.91,A05,Ala,A14,213,16,83.1,1.41,13,97.9,1.13,12,100.4,1.03,93.8,9.38,1.19,0.2,-5.92
1.5-05,734.481,0.14,A05,Ala,A15,189,0.1,101.7,0.01,0.1,119.8,0.01,0,120.8,0,114.1,10.78,0.01,0,-8.28
1.5-06,736.497,0.83,A05,Leu,A11,207,3.3,95.3,0.27,2.7,107.2,0.22,2.4,109.6,0.2,104.04,7.64,0.23,0.04,-6.64
1.5-07,741.466,0.48,A05,Ala,A16,169,0.5,99.5,0.04,0.3,112.1,0.03,0.4,114.3,0.04,108.63,7.99,0.03,0.01,-7.48
1.5-08,748.533,2.74,A05,Leu,A12,224,53,47,6.12,45.4,53.4,4.9,46.1,57.4,5,52.6,5.22,5.34,0.68,-5.27
1.5-09,754.486,2.09,A05,Ala,A17,211,18.1,95.1,1.61,15.1,108.3,1.33,13.9,111,1.21,104.78,8.51,1.39,0.21,-5.86
1.5-10,756.465,1.36,A05,Ala,A18,208,8.7,88.6,0.73,7.3,98,0.61,5.8,103.3,0.49,96.64,7.42,0.61,0.12,-6.21
1.5-11,758.492,0.74,A05,Ala,A19,190,0.1,100.8,0.01,0.1,119.4,0,0.1,120.3,0.01,113.51,10.99,0.01,0,-8.2
1.5-12,761.492,-0.56,A05,Ala,A20,184,0,104.1,0,0,116.4,0,0,116.8,0,112.41,7.2,0,0,-9
1.5-13,768.502,2.54,A05,Leu,A13,220,43.5,49,4.62,36.1,57.1,3.63,36.3,61,3.65,55.72,6.11,3.97,0.56,-5.4
1.5-14,770.481,1.15,A05,Phe,A11,209,6,91.2,0.5,5,102,0.41,4,107.1,0.33,100.1,8.11,0.42,0.08,-6.38
1.5-15,774.549,3.15,A05,Leu,A14,232,60,32,7.41,53.7,33.9,6.23,54.7,37.1,6.4,34.34,2.61,6.68,0.64,-5.18
1.5-16,776.528,1.38,A05,Leu,A15,205,2,97.9,0.16,1.6,111.3,0.13,1.4,111,0.11,106.73,7.66,0.14,0.02,-6.87
1.5-17,782.517,3.07,A05,Phe,A12,227,51.7,29.2,5.9,45.9,33.7,4.97,45.4,35.9,4.91,32.9,3.41,5.26,0.55,-5.28
1.5-18,783.513,1.71,A05,Leu,A16,187,2.1,243,0.17,3.7,126.9,0.3,3.8,100.8,0.31,156.91,75.7,0.26,0.08,-6.58
1.5-19,796.533,3.32,A05,Leu,A17,227,49.6,30.6,5.54,45.4,34.3,4.9,41.8,41.6,4.38,35.5,5.59,4.94,0.58,-5.31
1.5-20,798.512,2.59,A05,Leu,A18,224,29.6,31.5,2.84,25.9,37.3,2.43,25,39.3,2.33,36.02,4.07,2.53,0.27,-5.6
1.5-21,800.539,1.97,A05,Leu,A19,204,1.5,91.1,0.12,1.1,109.3,0.09,0.7,110.2,0.06,103.52,10.78,0.09,0.03,-7.04
1.5-22,802.486,2.87,A05,Phe,A13,224,41.2,25.9,4.29,36.1,30,3.62,34.3,32.1,3.4,29.32,3.15,3.77,0.46,-5.42
1.5-23,803.539,0.67,A05,Leu,A20,199,0.3,97.4,0.02,0.2,116.8,0.02,0.2,114,0.01,109.4,10.46,0.02,0,-7.77
1.5-24,808.533,3.47,A05,Phe,A14,233,49.5,13.8,5.53,42.9,15.9,4.53,41.7,16.7,4.37,15.47,1.51,4.81,0.63,-5.32
1.5-25,810.512,1.7,A05,Phe,A15,209,5.2,88.4,0.44,4.1,101.8,0.34,3.4,105.7,0.28,98.63,9.07,0.35,0.08,-6.45
1.5-26,817.497,2.04,A05,Phe,A16,189,3.5,93.9,0.29,2.6,116.1,0.21,2.2,117.7,0.18,109.26,13.29,0.22,0.06,-6.65
1.5-27,820.497,2.06,A05,2-Nal,A11,220,24.3,43,2.25,19.9,52.5,1.8,17.3,55.1,1.54,50.2,6.35,1.86,0.36,-5.73
1.5-28,830.517,3.64,A05,Phe,A17,229,35.4,15.6,3.54,32.4,18.9,3.16,31.2,20.3,3.02,18.27,2.38,3.24,0.27,-5.49
1.5-29,832.497,2.91,A05,Phe,A18,226,20.9,15.4,1.9,19.7,18.4,1.77,17,20.9,1.51,18.23,2.78,1.73,0.2,-5.76
1.5-30,832.533,3.97,A05,2-Nal,A12,236,18.7,6.8,1.68,18.1,7.3,1.62,17.3,8.7,1.54,7.62,0.99,1.61,0.07,-5.79
1.5-31,834.524,2.29,A05,Phe,A19,206,3.6,93.9,0.29,2.7,105.6,0.22,2.3,107.5,0.19,102.35,7.35,0.23,0.05,-6.63
1.5-32,837.523,1,A05,Phe,A20,202,0.7,94.5,0.06,0.5,114.1,0.04,0.4,114.2,0.04,107.61,11.32,0.04,0.01,-7.35
1.5-33,852.502,3.77,A05,2-Nal,A13,233,15.9,8.1,1.4,14,9.4,1.22,11,10.5,0.95,9.36,1.21,1.19,0.23,-5.92
1.5-34,858.549,4.38,A05,2-Nal,A14,241,5.4,8.2,0.45,4.8,9.3,0.39,3.6,10.5,0.3,9.34,1.13,0.38,0.08,-6.42
1.5-35,860.528,2.61,A05,2-Nal,A15,218,19.2,48.4,1.72,15.5,59.7,1.36,14.8,62.4,1.29,56.86,7.42,1.46,0.23,-5.84
1.5-36,867.513,2.94,A05,2-Nal,A16,199,13.3,59.6,1.16,10.1,73.6,0.86,9.8,75,0.83,69.4,8.5,0.95,0.18,-6.02
1.5-37,880.533,4.55,A05,2-Nal,A17,236,6.1,7.2,0.51,5.7,8.4,0.47,3.8,10.5,0.31,8.7,1.68,0.43,0.11,-6.37
1.5-38,882.512,3.82,A05,2-Nal,A18,235,3.9,8.1,0.32,5.4,9,0.45,2.2,10.9,0.18,9.3,1.43,0.32,0.13,-6.5
1.5-39,884.539,3.2,A05,2-Nal,A19,214,12.4,50.5,1.07,9.9,59.9,0.84,8.9,64.7,0.76,58.38,7.25,0.89,0.16,-6.05
1.5-40,887.539,1.91,A05,2-Nal,A20,211,5.2,85.8,0.43,3.8,101.9,0.32,3.3,105.6,0.27,97.74,10.54,0.34,0.08,-6.47
1.6-01,705.374,2.02,A06,Ala,A11,237,51.6,64,5.88,51.2,70.3,5.81,46.9,65,5.13,66.43,3.39,5.61,0.41,-5.25
1.6-02,717.41,3.93,A06,Ala,A12,254,46.4,13.8,5.05,51.2,14,5.8,47.3,12.3,5.18,13.34,0.93,5.35,0.4,-5.27
1.6-03,737.379,3.73,A06,Ala,A13,251,32.9,15.8,3.23,35.2,15.5,3.51,31.7,14.6,3.09,15.27,0.63,3.27,0.21,-5.48
1.6-04,743.426,4.34,A06,Ala,A14,263,10.8,16.2,0.93,12.9,14.1,1.12,10.5,12.5,0.9,14.26,1.82,0.98,0.12,-6.01
1.6-05,745.405,2.57,A06,Ala,A15,236,41.2,64.1,4.3,41.1,71.4,4.29,36.8,68.8,3.71,68.1,3.71,4.1,0.34,-5.39
1.6-06,747.421,3.25,A06,Leu,A11,259,40.9,13,4.26,46.9,13.5,5.13,41,11.7,4.28,12.71,0.92,4.56,0.49,-5.34
1.6-07,752.39,2.9,A06,Ala,A16,215,26,74.5,2.43,24.6,84,2.28,21.8,84.6,1.99,81.02,5.66,2.23,0.23,-5.65
1.6-08,759.457,5.16,A06,Leu,A12,275,0.7,27,0.06,0.6,21.2,0.04,0.3,25.6,0.02,24.58,3.04,0.04,0.02,-7.39
1.6-09,765.41,4.51,A06,Ala,A17,257,11.1,18.1,0.95,14,16.2,1.22,9.8,15.2,0.83,16.51,1.45,1,0.2,-6
1.6-10,767.389,3.78,A06,Ala,A18,254,6.1,17.1,0.51,7.3,15.5,0.61,4.8,14.8,0.4,15.81,1.2,0.51,0.11,-6.3
1.6-11,769.416,3.16,A06,Ala,A19,233,29.7,74,2.85,29,79.5,2.77,27.7,70.5,2.63,74.66,4.52,2.75,0.11,-5.56
1.6-12,772.416,1.86,A06,Ala,A20,228,4.7,92.1,0.39,4.8,96.9,0.4,3.7,99.6,0.3,96.2,3.79,0.36,0.05,-6.44
1.6-13,779.426,4.96,A06,Leu,A13,270,2.8,35.4,0.23,3.2,30.5,0.26,2.6,34,0.21,33.31,2.53,0.23,0.03,-6.63
1.6-14,781.405,3.57,A06,Phe,A11,259,12.6,14.3,1.09,15.8,13.8,1.39,11,12.6,0.94,13.57,0.92,1.14,0.23,-5.94
1.6-15,785.473,5.57,A06,Leu,A14,282,0.7,45.9,0.05,1.1,40.7,0.09,1.2,43.3,0.1,43.28,2.61,0.08,0.02,-7.1
1.6-16,787.452,3.8,A06,Leu,A15,256,51.3,17.2,5.83,56.8,18.1,6.8,49.3,15.5,5.5,16.94,1.29,6.04,0.67,-5.22
1.6-17,793.441,5.49,A06,Phe,A12,274,0.2,50.4,0.01,0.1,43,0.01,0.1,47.2,0.01,46.88,3.72,0.01,0,-8.04
1.6-18,794.437,4.13,A06,Leu,A16,232,40.1,22,4.14,47.7,21.4,5.25,36,20.7,3.61,21.39,0.66,4.33,0.84,-5.36
1.6-19,807.457,5.74,A06,Leu,A17,275,0.2,49.3,0.02,0.1,42.7,0.01,0.1,46.9,0.01,46.31,3.31,0.01,0,-7.97
1.6-20,809.436,5.01,A06,Leu,A18,272,0.4,48.4,0.03,0.3,43.8,0.02,0.3,42.2,0.03,44.8,3.24,0.03,0,-7.56
1.6-21,811.463,4.39,A06,Leu,A19,251,30.9,16.8,2.99,34.3,17.8,3.41,28.2,16.4,2.68,17,0.72,3.02,0.36,-5.52
1.6-22,813.41,5.29,A06,Phe,A13,271,0.1,57.7,0.01,0.1,51,0.01,0.1,53.5,0,54.06,3.36,0.01,0,-8.11
1.6-23,814.463,3.09,A06,Leu,A20,247,22.9,46.2,2.11,24.7,48.8,2.3,20.9,46,1.89,47,1.53,2.1,0.2,-5.68
1.6-24,819.457,5.89,A06,Phe,A14,281,0.1,67.5,0,0,65.9,0,0,62.4,0,65.29,2.61,0,0,-8.61
1.6-25,821.436,4.12,A06,Phe,A15,257,11.7,15.6,1.01,13.6,14.5,1.18,9.5,13.1,0.8,14.4,1.25,1,0.19,-6
1.6-26,828.421,4.46,A06,Phe,A16,234,9.2,21.6,0.78,10.6,21.3,0.9,7.3,20.1,0.61,21.02,0.78,0.77,0.15,-6.12
1.6-27,831.421,4.48,A06,2-Nal,A11,269,0.2,42.8,0.02,0.2,41.3,0.02,0.2,36.5,0.01,40.18,3.31,0.02,0,-7.82
1.6-28,841.441,6.06,A06,Phe,A17,274,0.1,60.8,0.01,0,53.3,0,0,58.1,0,57.41,3.79,0,0,-8.47
1.6-29,843.421,5.34,A06,Phe,A18,273,0.1,62.2,0,0.1,58.8,0,0,51.1,0,57.39,5.7,0,0,-8.36
1.6-30,843.457,6.4,A06,2-Nal,A12,282,0,80.3,0,0,74.7,0,0,77.5,0,77.49,2.81,0,0,?
1.6-31,845.448,4.71,A06,Phe,A19,253,9.4,17.5,0.8,11,16.6,0.94,7.2,16.1,0.6,16.73,0.71,0.78,0.17,-6.11
1.6-32,848.447,3.42,A06,Phe,A20,248,18.8,30.2,1.68,21.9,31.3,2.01,15.1,30.8,1.33,30.78,0.59,1.67,0.34,-5.78
1.6-33,863.426,6.19,A06,2-Nal,A13,279,0,69,0,0,63.5,0,0,65.3,0,65.94,2.84,0,0,-9.46
1.6-34,869.473,6.8,A06,2-Nal,A14,288,0,65.5,0,0,66,0,0,70.4,0,67.32,2.72,0,0,?
1.6-35,871.452,5.03,A06,2-Nal,A15,267,0.3,44.2,0.02,0.2,39.9,0.01,0.1,41.8,0.01,41.94,2.17,0.02,0.01,-7.82
1.6-36,878.437,5.37,A06,2-Nal,A16,244,0.1,55.8,0.01,0,51.7,0,0,52.8,0,53.45,2.1,0,0,-8.45
1.6-37,891.457,6.97,A06,2-Nal,A17,282,0,72.4,0,0,70.3,0,0,69.2,0,70.62,1.65,0,0,?
1.6-38,893.436,6.24,A06,2-Nal,A18,281,0,69.9,0,0,69.6,0,0,66.7,0,68.77,1.76,0,0,-9.41
1.6-39,895.463,5.62,A06,2-Nal,A19,262,0.2,43.5,0.01,0.1,40.2,0.01,0.1,39.1,0.01,40.89,2.3,0.01,0,-7.99
1.6-40,898.463,4.33,A06,2-Nal,A20,257,1,19.2,0.08,1.2,18.1,0.1,0.6,18.5,0.05,18.63,0.56,0.08,0.02,-7.11
1.7-01,713.46,2.59,A07,Ala,A11,244,59.9,45.8,7.39,52.3,49.9,5.98,53.3,53.5,6.17,49.73,3.85,6.51,0.76,-5.19
1.7-02,725.496,4.5,A07,Ala,A12,262,25.5,7.4,2.38,24.8,7.2,2.31,29.4,7.3,2.82,7.29,0.12,2.5,0.28,-5.6
1.7-03,745.465,4.3,A07,Ala,A13,258,17.5,7.9,1.56,17.7,7.7,1.57,21.5,7.7,1.95,7.77,0.11,1.7,0.22,-5.77
1.7-04,751.512,4.91,A07,Ala,A14,269,7.2,8.7,0.6,6.3,8.2,0.53,6.9,8,0.58,8.33,0.33,0.57,0.04,-6.24
1.7-05,753.491,3.14,A07,Ala,A15,242,51.5,48.1,5.86,42.6,52.9,4.49,44.7,56.3,4.79,52.45,4.13,5.05,0.72,-5.3
1.7-06,755.507,3.82,A07,Leu,A11,266,17.2,6.1,1.53,19.4,6,1.75,22.1,5.7,2.02,5.91,0.19,1.76,0.25,-5.75
1.7-07,760.476,3.47,A07,Ala,A16,222,33.8,54.4,3.33,25.1,60.9,2.34,26.2,66,2.46,60.44,5.82,2.71,0.54,-5.57
1.7-08,767.543,5.73,A07,Leu,A12,282,2.1,14.3,0.17,3.1,12.1,0.26,1.9,13.2,0.16,13.19,1.08,0.2,0.05,-6.71
1.7-09,773.496,5.08,A07,Ala,A17,263,8.6,10.6,0.73,8.9,10.1,0.76,9,9.8,0.77,10.17,0.41,0.75,0.02,-6.12
1.7-10,775.475,4.35,A07,Ala,A18,262,6,11.4,0.5,7.5,10.8,0.63,6.2,10.3,0.52,10.84,0.59,0.55,0.07,-6.26
1.7-11,777.502,3.73,A07,Ala,A19,241,30.3,39.5,2.92,22.3,44.9,2.05,23.5,48.7,2.17,44.35,4.63,2.38,0.47,-5.62
1.7-12,780.502,2.43,A07,Ala,A20,235,9.5,76.2,0.81,5.7,93.5,0.48,6.1,94.5,0.51,88.06,10.24,0.6,0.18,-6.22
1.7-13,787.512,5.53,A07,Leu,A13,277,0.2,22.2,0.02,0.6,20.2,0.05,0.2,20.8,0.02,21.11,1.02,0.03,0.02,-7.53
1.7-14,789.491,4.14,A07,Phe,A11,266,4.9,7.9,0.41,6.6,7.4,0.55,6.4,6.8,0.54,7.36,0.57,0.5,0.08,-6.3
1.7-15,793.559,6.14,A07,Leu,A14,287,0,28.3,0,0.3,25.7,0.02,0,27.2,0,27.07,1.28,0.01,0.01,-8.15
1.7-16,795.538,4.37,A07,Leu,A15,263,40.7,8.7,4.23,42.5,8.7,4.48,42.7,8.6,4.5,8.67,0.07,4.41,0.15,-5.36
1.7-17,801.527,6.06,A07,Phe,A12,280,0,32.7,0,0.1,28.7,0.01,0,30.2,0,30.55,2.02,0,0.01,-8.51
1.7-18,802.523,4.7,A07,Leu,A16,238,18.3,10,1.64,21.5,9.4,1.96,28.3,7.5,2.69,8.96,1.31,2.1,0.54,-5.68
1.7-19,815.543,6.31,A07,Leu,A17,281,0,34.3,0,0,31.9,0,0,32.1,0,32.77,1.34,0,0,?
1.7-20,817.522,5.58,A07,Leu,A18,279,0.3,34.7,0.03,0.7,33,0.06,0.4,33.4,0.04,33.71,0.87,0.04,0.02,-7.39
1.7-21,819.549,4.96,A07,Leu,A19,258,15.7,8.9,1.39,17,8.8,1.51,17.6,9,1.57,8.87,0.11,1.49,0.09,-5.83
1.7-22,821.496,5.86,A07,Phe,A13,277,0,39.3,0,0.1,39.1,0.01,0,38.3,0,38.92,0.52,0,0.01,-8.45
1.7-23,822.549,3.66,A07,Leu,A20,253,17.2,23.7,1.53,13,24.9,1.13,13.3,28.5,1.16,25.68,2.5,1.27,0.22,-5.9
1.7-24,827.543,6.46,A07,Phe,A14,286,0,44.3,0,0.1,42.3,0,0,43.5,0,43.34,1.01,0,0,-8.53
1.7-25,829.522,4.69,A07,Phe,A15,264,14.8,8.7,1.3,18.8,8.3,1.68,16.3,7.7,1.44,8.27,0.52,1.48,0.2,-5.83
1.7-26,836.507,5.03,A07,Phe,A16,241,4.1,10.6,0.34,5.9,9.9,0.49,4.4,9.7,0.36,10.06,0.46,0.4,0.08,-6.4
1.7-27,839.507,5.05,A07,2-Nal,A11,274,0.1,28.8,0.01,0.4,25.7,0.03,0.1,27.7,0.01,27.42,1.54,0.02,0.01,-7.74
1.7-28,849.527,6.63,A07,Phe,A17,280,0,47.5,0,0.1,45.2,0.01,0,45.4,0,46.02,1.26,0,0,-8.51
1.7-29,851.507,5.9,A07,Phe,A18,279,0,44.1,0,0.1,45.5,0.01,0,44.1,0,44.58,0.8,0,0,-8.56
1.7-30,851.543,6.97,A07,2-Nal,A12,287,0.1,51.9,0.01,0.1,54.8,0.01,0.1,53.1,0.01,53.26,1.46,0.01,0,-8.11
1.7-31,853.533,5.28,A07,Phe,A19,259,4.9,10.4,0.41,7,9.6,0.58,5.2,9.5,0.44,9.83,0.52,0.48,0.1,-6.32
1.7-32,856.533,3.99,A07,Phe,A20,255,9.8,13.9,0.84,8.4,15.2,0.71,8.4,15.6,0.71,14.91,0.87,0.75,0.08,-6.12
1.7-33,871.512,6.76,A07,2-Nal,A13,284,0,41.9,0,0,42.7,0,0,44.3,0,42.97,1.2,0,0,-8.95
1.7-34,877.559,7.37,A07,2-Nal,A14,292,0.1,54.6,0,0,58.6,0,0,54.2,0,55.8,2.42,0,0,-8.84
1.7-35,879.538,5.6,A07,2-Nal,A15,272,0.1,27.9,0.01,0.7,26.4,0.05,0.2,27.6,0.01,27.33,0.8,0.02,0.02,-7.61
1.7-36,886.523,5.93,A07,2-Nal,A16,250,0.1,37.9,0.01,0.7,36.4,0.05,0.1,38.2,0.01,37.5,0.95,0.02,0.02,-7.62
1.7-37,899.543,7.54,A07,2-Nal,A17,286,0,52.6,0,0,53.8,0,0,54.8,0,53.73,1.12,0,0,-9.27
1.7-38,901.522,6.81,A07,2-Nal,A18,286,0.2,50.1,0.01,0.1,53,0.01,0.2,52.6,0.01,51.86,1.58,0.01,0,-7.95
1.7-39,903.549,6.19,A07,2-Nal,A19,267,0,27.2,0,0.4,25.7,0.03,0,26,0,26.27,0.81,0.01,0.02,-8
1.7-40,906.549,4.9,A07,2-Nal,A20,264,0.3,11,0.02,1.3,10.5,0.1,0.4,9.7,0.03,10.39,0.68,0.05,0.05,-7.28
1.8-01,715.403,1.12,A08,Ala,A11,226,12.4,75.9,1.07,13.8,80.7,1.2,14.2,82.7,1.24,79.78,3.46,1.17,0.09,-5.93
1.8-02,727.439,3.04,A08,Ala,A12,245,83.7,33.6,14.7,84.9,34.7,15.29,74.7,34.3,11.12,34.2,0.59,13.7,2.26,-4.86
1.8-03,747.408,2.83,A08,Ala,A13,241,65.4,27.8,8.59,63.9,28.7,8.25,55.1,29.3,6.48,28.6,0.75,7.77,1.13,-5.11
1.8-04,753.455,3.44,A08,Ala,A14,253,52.6,14.9,6.05,54.8,15.6,6.43,42.3,15.5,4.45,15.32,0.35,5.64,1.05,-5.25
1.8-05,755.434,1.67,A08,Ala,A15,226,8.5,76.5,0.72,9.5,81.2,0.81,10,81.7,0.85,79.8,2.83,0.79,0.06,-6.1
1.8-06,757.449,2.35,A08,Leu,A11,248,68.7,26.4,9.39,71.7,27,10.22,61.4,27.8,7.71,27.05,0.67,9.11,1.28,-5.04
1.8-07,762.418,2,A08,Ala,A16,206,5.5,83.2,0.46,6.7,87.1,0.56,7.1,88.8,0.6,86.38,2.85,0.54,0.07,-6.27
1.8-08,769.486,4.27,A08,Leu,A12,266,3.4,14.3,0.28,3.6,14.3,0.3,3,16.4,0.25,14.99,1.2,0.28,0.03,-6.56
1.8-09,775.439,3.61,A08,Ala,A17,247,49.8,19.5,5.58,54,19.6,6.28,40.5,19.6,4.2,19.55,0.05,5.35,1.06,-5.27
1.8-10,777.418,2.88,A08,Ala,A18,245,28.7,18.1,2.74,31.9,17.8,3.11,25.6,19,2.39,18.26,0.62,2.75,0.36,-5.56
1.8-11,779.445,2.26,A08,Ala,A19,224,5.8,73.4,0.49,7.1,74.3,0.59,8.1,78.6,0.69,75.43,2.78,0.59,0.1,-6.23
1.8-12,782.445,0.97,A08,Ala,A20,217,0.9,93.7,0.07,1.2,91.4,0.09,1.3,95.6,0.11,93.55,2.07,0.09,0.02,-7.04
1.8-13,789.455,4.07,A08,Leu,A13,260,2.9,20.4,0.24,2.3,21.3,0.19,2.7,21.8,0.22,21.2,0.71,0.21,0.02,-6.67
1.8-14,791.434,2.68,A08,Phe,A11,250,39.6,14.9,4.08,46.6,15.1,5.08,37.4,15.7,3.79,15.26,0.45,4.32,0.68,-5.36
1.8-15,795.501,4.67,A08,Leu,A14,273,0.7,26.2,0.06,0.2,26.3,0.02,0.3,27.9,0.02,26.79,0.93,0.03,0.02,-7.5
1.8-16,797.481,2.9,A08,Leu,A15,245,69.3,37.5,9.55,73.3,38.7,10.7,63.2,39.9,8.1,38.71,1.16,9.45,1.3,-5.02
1.8-17,803.47,4.59,A08,Phe,A12,266,0.6,29.3,0.05,0.4,30,0.03,0.4,32.3,0.04,30.52,1.58,0.04,0.01,-7.41
1.8-18,804.465,3.24,A08,Leu,A16,223,43.3,39.1,4.6,49.6,37.4,5.55,44.6,39.8,4.78,38.78,1.24,4.98,0.5,-5.3
1.8-19,817.486,4.84,A08,Leu,A17,265,0.7,30.3,0.05,0.2,30.6,0.02,0.5,33.3,0.04,31.43,1.65,0.04,0.02,-7.44
1.8-20,819.465,4.11,A08,Leu,A18,263,1.4,30.5,0.11,0.9,29.4,0.07,0.9,31.2,0.08,30.34,0.89,0.09,0.02,-7.06
1.8-21,821.492,3.49,A08,Leu,A19,241,35.6,32.8,3.57,38.2,34.8,3.89,34.7,36.8,3.45,34.8,1.96,3.64,0.23,-5.44
1.8-22,823.439,4.39,A08,Phe,A13,262,0.5,40.6,0.04,0.2,39.3,0.02,0.4,41.1,0.03,40.32,0.95,0.03,0.01,-7.51
1.8-23,824.492,2.2,A08,Leu,A20,236,9.8,68.1,0.84,12.3,69.4,1.06,13.5,75.5,1.18,71.01,3.96,1.03,0.17,-5.99
1.8-24,829.486,5,A08,Phe,A14,273,0.5,46.6,0.04,0.3,45.5,0.02,0.3,50.1,0.02,47.4,2.4,0.03,0.01,-7.54
1.8-25,831.465,3.23,A08,Phe,A15,248,33.3,15.9,3.28,39.8,16.1,4.1,31.1,17.2,3.02,16.41,0.7,3.47,0.57,-5.46
1.8-26,838.45,3.56,A08,Phe,A16,225,16.1,23.3,1.42,19.6,25.1,1.77,18,25.4,1.61,24.61,1.15,1.6,0.17,-5.8
1.8-27,841.449,3.58,A08,2-Nal,A11,259,1.1,28.9,0.09,0.7,29.9,0.05,1,31.4,0.08,30.06,1.26,0.07,0.02,-7.13
1.8-28,851.47,5.17,A08,Phe,A17,266,0.2,42.7,0.02,0,43.2,0,0.1,46.8,0.01,44.25,2.25,0.01,0.01,-8.01
1.8-29,853.449,4.44,A08,Phe,A18,265,0.4,42.8,0.03,0.1,42,0.01,0.1,46.2,0.01,43.66,2.22,0.02,0.01,-7.76
1.8-30,853.486,5.5,A08,2-Nal,A12,274,0,56.1,0,0,52.8,0,0,58.9,0,55.93,3.04,0,0,-8.89
1.8-31,855.476,3.82,A08,Phe,A19,243,18.7,19.9,1.68,22.6,20.9,2.08,20.8,22,1.89,20.95,1.01,1.88,0.2,-5.73
1.8-32,858.476,2.52,A08,Phe,A20,238,13.3,45.4,1.16,16.7,46.7,1.48,17.3,52.2,1.53,48.11,3.64,1.39,0.2,-5.86
1.8-33,873.455,5.3,A08,2-Nal,A13,271,0.1,58.8,0.01,0,64.1,0,0,68.9,0,63.97,5.04,0,0,-8.53
1.8-34,879.501,5.9,A08,2-Nal,A14,280,0,61.2,0,0,55.9,0,0,61.1,0,59.38,3.01,0,0,-9.12
1.8-35,881.481,4.13,A08,2-Nal,A15,257,0.9,33,0.08,0.7,32,0.06,0.9,35.1,0.07,33.37,1.57,0.07,0.01,-7.16
1.8-36,888.465,4.47,A08,2-Nal,A16,235,0.6,38.4,0.05,0.3,37.4,0.02,0.6,41.5,0.05,39.11,2.13,0.04,0.02,-7.42
1.8-37,901.486,6.08,A08,2-Nal,A17,274,0,58.1,0,0,55.2,0,0,61.1,0,58.15,2.92,0,0,-9.29
1.8-38,903.465,5.35,A08,2-Nal,A18,273,0,57.8,0,0,55.8,0,0,60.1,0,57.91,2.16,0,0,-8.88
1.8-39,905.492,4.73,A08,2-Nal,A19,252,0.4,28.3,0.03,0.1,28.4,0.01,0.4,30,0.03,28.89,0.97,0.02,0.01,-7.6
1.8-40,908.492,3.43,A08,2-Nal,A20,248,3.1,16.9,0.26,3.9,16.2,0.33,4.4,18.3,0.36,17.13,1.09,0.32,0.05,-6.5
1.9-01,718.45,1.54,A09,Ala,A11,238,28.2,81,2.68,33.3,83.3,3.28,31.2,86.2,3.02,83.53,2.6,2.99,0.3,-5.52
1.9-02,730.486,3.46,A09,Ala,A12,255,65.8,15.5,8.67,78.1,17.5,12.29,67.9,18.4,9.2,17.14,1.48,10.05,1.96,-5
1.9-03,750.455,3.26,A09,Ala,A13,252,55.8,14,6.62,69.5,15.4,9.62,61,16.5,7.63,15.3,1.26,7.95,1.53,-5.1
1.9-04,756.502,3.86,A09,Ala,A14,262,34.1,8.1,3.37,44.6,7.5,4.78,40.3,8.5,4.18,8.03,0.5,4.11,0.71,-5.39
1.9-05,758.481,2.09,A09,Ala,A15,236,21.5,82.2,1.96,25,86,2.33,24.1,86.2,2.23,84.83,2.25,2.17,0.19,-5.66
1.9-06,760.497,2.77,A09,Leu,A11,259,56.4,13,6.72,67.5,14.1,9.1,60.3,15.2,7.49,14.09,1.09,7.77,1.22,-5.11
1.9-07,765.466,2.43,A09,Ala,A16,217,15.2,87.7,1.34,18.6,90.1,1.66,14.9,94,1.3,90.6,3.19,1.43,0.2,-5.84
1.9-08,772.533,4.69,A09,Leu,A12,275,3.4,8.1,0.28,3,6.3,0.25,3.1,7.8,0.26,7.42,0.94,0.26,0.02,-6.58
1.9-09,778.486,4.03,A09,Ala,A17,257,41.5,8.9,4.34,49.6,9.1,5.54,41.6,10.4,4.36,9.44,0.85,4.75,0.69,-5.32
1.9-10,780.465,3.3,A09,Ala,A18,255,27.9,9,2.65,29.2,8.2,2.8,26.8,9.3,2.52,8.85,0.57,2.66,0.14,-5.58
1.9-11,782.492,2.68,A09,Ala,A19,235,17.1,73.4,1.52,20.5,74,1.85,17,81.3,1.51,76.25,4.4,1.63,0.2,-5.79
1.9-12,785.492,1.39,A09,Ala,A20,230,3.2,102.3,0.26,3.6,100.3,0.3,2.6,104.7,0.22,102.41,2.19,0.26,0.04,-6.59
1.9-13,792.502,4.49,A09,Leu,A13,271,4.4,9.8,0.36,3.6,7.4,0.29,3.7,9.7,0.31,8.96,1.31,0.32,0.04,-6.49
1.9-14,794.481,3.1,A09,Phe,A11,260,36,7.4,3.61,45.4,7.1,4.9,39.9,7.9,4.12,7.47,0.42,4.21,0.65,-5.38
1.9-15,798.549,5.09,A09,Leu,A14,281,1.8,13.1,0.14,1.4,9.6,0.12,1.1,12.7,0.09,11.8,1.88,0.12,0.03,-6.93
1.9-16,800.528,3.32,A09,Leu,A15,256,61.8,20.3,7.8,72.6,22.5,10.49,64.3,24.8,8.35,22.54,2.21,8.88,1.42,-5.05
1.9-17,806.517,5.01,A09,Phe,A12,274,1.7,13.1,0.14,1,11.1,0.08,1.1,14.5,0.09,12.87,1.71,0.1,0.03,-6.99
1.9-18,807.513,3.66,A09,Leu,A16,233,53,26.3,6.1,62.5,27.7,7.95,55.1,33.6,6.48,29.19,3.88,6.84,0.97,-5.16
1.9-19,820.533,5.26,A09,Leu,A17,275,1.9,15.4,0.16,1,13.2,0.08,1,16.7,0.08,15.13,1.76,0.11,0.05,-6.97
1.9-20,822.512,4.54,A09,Leu,A18,274,3.8,15.6,0.32,2.3,14.1,0.19,2.3,17.7,0.19,15.77,1.82,0.23,0.07,-6.64
1.9-21,824.539,3.91,A09,Leu,A19,252,39.5,17.6,4.06,48.9,18.2,5.44,42.3,20.5,4.45,18.8,1.53,4.65,0.71,-5.33
1.9-22,826.486,4.81,A09,Phe,A13,271,1.7,18.8,0.14,1.1,15.7,0.09,1.1,20.3,0.09,18.25,2.37,0.11,0.03,-6.97
1.9-23,827.539,2.62,A09,Leu,A20,247,18.1,57.6,1.62,25.3,58.7,2.36,21.1,65.9,1.91,60.72,4.51,1.96,0.37,-5.71
1.9-24,832.533,5.42,A09,Phe,A14,281,0.7,27.9,0.06,0.5,23.9,0.04,0.4,30.8,0.03,27.54,3.47,0.04,0.01,-7.35
1.9-25,834.512,3.65,A09,Phe,A15,258,32.7,7.9,3.21,39.6,7.6,4.08,34.5,8.8,3.43,8.13,0.6,3.57,0.45,-5.45
1.9-26,841.497,3.98,A09,Phe,A16,236,25.9,11.7,2.42,29.9,11.1,2.88,28.7,13,2.74,11.95,0.97,2.68,0.23,-5.57
1.9-27,844.497,4.01,A09,2-Nal,A11,269,3,12.2,0.24,0.9,10.3,0.07,0.7,13.3,0.06,11.95,1.5,0.13,0.1,-6.9
1.9-28,854.517,5.59,A09,Phe,A17,274,0.8,26.3,0.07,0.4,23.2,0.03,0.5,29,0.04,26.17,2.86,0.05,0.02,-7.34
1.9-29,856.497,4.86,A09,Phe,A18,274,1.4,24.5,0.11,0.6,23.2,0.05,0.7,29.3,0.05,25.66,3.21,0.07,0.03,-7.14
1.9-30,856.533,5.92,A09,2-Nal,A12,281,0.2,37.1,0.02,0.1,36.7,0.01,0.1,41.5,0.01,38.44,2.69,0.01,0.01,-7.96
1.9-31,858.524,4.24,A09,Phe,A19,253,23,9.2,2.12,26.9,8.9,2.54,24.2,10.1,2.24,9.41,0.65,2.3,0.22,-5.64
1.9-32,861.523,2.94,A09,Phe,A20,249,17.9,35.2,1.59,24.9,34,2.32,20.8,41.1,1.89,36.76,3.78,1.93,0.36,-5.71
1.9-33,876.502,5.72,A09,2-Nal,A13,278,0.2,52.2,0.02,0.1,44.9,0.01,0.1,48.5,0.01,48.53,3.68,0.01,0.01,-7.88
1.9-34,882.549,6.33,A09,2-Nal,A14,288,0,61.7,0,0,52.7,0,0,62.4,0,58.92,5.44,0,0,?
1.9-35,884.528,4.56,A09,2-Nal,A15,266,4.2,15.4,0.35,2.1,13,0.17,1.9,15.7,0.16,14.69,1.48,0.23,0.11,-6.64
1.9-36,891.513,4.89,A09,2-Nal,A16,245,3.1,19.8,0.25,0.4,17.1,0.03,0.8,20.3,0.07,19.06,1.71,0.12,0.12,-6.93
1.9-37,904.533,6.5,A09,2-Nal,A17,281,0,48.4,0,0,41.5,0,0,48.9,0,46.27,4.12,0,0,?
1.9-38,906.512,5.77,A09,2-Nal,A18,281,0.1,47.1,0.01,0,40.3,0,0.1,47,0,44.79,3.91,0.01,0,-8.27
1.9-39,908.539,5.15,A09,2-Nal,A19,262,3,14.2,0.25,1.1,12.3,0.09,1.1,14.5,0.09,13.65,1.19,0.14,0.09,-6.85
1.9-40,911.539,3.85,A09,2-Nal,A20,258,6.8,8.5,0.57,4.5,7.8,0.37,4.3,8.3,0.36,8.2,0.35,0.43,0.12,-6.36
1.10-01,751.45,1.59,A10,Ala,A11,224,3.6,93.9,0.29,4,94.8,0.33,3.8,94.9,0.31,94.55,0.58,0.31,0.02,-6.51
1.10-02,763.487,3.5,A10,Ala,A12,243,60.7,67.2,7.57,65,72.2,8.5,66.1,74.8,8.76,71.43,3.86,8.28,0.63,-5.08
1.10-03,783.455,3.3,A10,Ala,A13,239,47.3,57.9,5.19,50,61,5.61,51.6,61.9,5.88,60.27,2.14,5.56,0.35,-5.26
1.10-04,789.502,3.9,A10,Ala,A14,250,69.6,35.8,9.64,72.7,39,10.51,74.1,41.5,10.93,38.75,2.83,10.36,0.66,-4.98
1.10-05,791.481,2.14,A10,Ala,A15,223,2.5,94.9,0.2,2.8,96.8,0.23,2.7,97,0.22,96.22,1.11,0.22,0.01,-6.67
1.10-06,793.497,2.82,A10,Leu,A11,245,48.6,62.7,5.39,53.8,68.1,6.25,53.7,71.4,6.23,67.41,4.4,5.96,0.49,-5.23
1.10-07,798.466,2.47,A10,Ala,A16,205,1.9,99.3,0.16,2.3,104.5,0.19,2,105.7,0.16,103.19,3.4,0.17,0.01,-6.77
1.10-08,805.533,4.73,A10,Leu,A12,263,25.6,9.2,2.39,27.6,9.4,2.62,28.8,9.6,2.75,9.38,0.21,2.59,0.18,-5.59
1.10-09,811.487,4.08,A10,Ala,A17,245,59.5,42.7,7.31,66.1,45.7,8.76,67.7,49.8,9.15,46.08,3.55,8.41,0.97,-5.08
1.10-10,813.466,3.35,A10,Ala,A18,243,36.2,38.4,3.64,40.9,39.4,4.26,42.4,42.3,4.46,40.04,1.98,4.12,0.43,-5.38
1.10-11,815.493,2.73,A10,Ala,A19,222,2.4,94.1,0.2,3.1,94.8,0.25,2.5,95,0.21,94.65,0.49,0.22,0.03,-6.66
1.10-12,818.492,1.43,A10,Ala,A20,217,0.4,98.4,0.03,0.5,105.3,0.04,0.4,109.3,0.03,104.3,5.52,0.04,0,-7.45
1.10-13,825.502,4.53,A10,Leu,A13,259,22.9,13.2,2.11,23.4,13.4,2.16,25,14.2,2.33,13.62,0.54,2.2,0.12,-5.66
1.10-14,827.481,3.14,A10,Phe,A11,247,45.4,36,4.89,51.1,36.7,5.79,52.2,39.5,5.97,37.39,1.89,5.55,0.58,-5.26
1.10-15,831.549,5.14,A10,Leu,A14,271,5.3,13.4,0.44,6.2,13.3,0.52,6.2,13.4,0.52,13.38,0.07,0.49,0.05,-6.31
1.10-16,833.528,3.37,A10,Leu,A15,242,37.9,65.9,3.85,42.1,71.1,4.43,41.3,73.1,4.31,70.02,3.72,4.2,0.3,-5.38
1.10-17,839.518,5.06,A10,Phe,A12,263,0,14.5,0,0,13.9,0,4.5,14.7,0.37,14.37,0.4,0.12,0.22,-6.9
1.10-18,840.513,3.7,A10,Leu,A16,220,24.5,73.6,2.28,29.5,75,2.83,27.8,77,2.64,75.19,1.74,2.58,0.28,-5.59
1.10-19,853.533,5.31,A10,Leu,A17,263,5.7,15.8,0.48,7.5,15.4,0.63,7.2,16,0.61,15.73,0.3,0.57,0.08,-6.24
1.10-20,855.513,4.58,A10,Leu,A18,260,5.9,18.7,0.5,8.8,17.8,0.74,6.5,19.1,0.54,18.53,0.64,0.59,0.13,-6.23
1.10-21,857.54,3.96,A10,Leu,A19,239,18.2,66.1,1.63,21.7,68.9,1.98,20.5,70.2,1.86,68.4,2.09,1.82,0.18,-5.74
1.10-22,859.487,4.86,A10,Phe,A13,260,3.7,24,0.31,4.6,23,0.38,4.4,24.5,0.36,23.83,0.78,0.35,0.04,-6.46
1.10-23,860.539,2.66,A10,Leu,A20,233,5.2,96,0.43,7,98.6,0.59,5.8,102.3,0.49,98.94,3.13,0.5,0.08,-6.3
1.10-24,865.533,5.46,A10,Phe,A14,271,1,27.8,0.08,1.7,26.5,0.14,1.5,27.2,0.12,27.17,0.64,0.11,0.03,-6.95
1.10-25,867.513,3.69,A10,Phe,A15,245,36.2,36.8,3.64,40.7,38.8,4.23,40.5,42.1,4.21,39.23,2.71,4.03,0.34,-5.4
1.10-26,874.497,4.03,A10,Phe,A16,223,20.3,44.7,1.84,23.4,46.7,2.16,23.5,47.1,2.16,46.17,1.31,2.05,0.19,-5.69
1.10-27,877.497,4.05,A10,2-Nal,A11,256,7,17.4,0.58,8.3,18.3,0.7,8.6,19.2,0.73,18.3,0.92,0.67,0.08,-6.17
1.10-28,887.518,5.63,A10,Phe,A17,263,0,25.3,0,0,25,0,0,25.4,0,25.22,0.19,0,0,?
1.10-29,889.497,4.9,A10,Phe,A18,262,1.5,28.4,0.12,2.7,28.7,0.22,1.7,29,0.14,28.69,0.33,0.16,0.05,-6.79
1.10-30,889.533,5.97,A10,2-Nal,A12,271,0.1,39.6,0.01,0.3,38.4,0.03,0.1,38.4,0.01,38.78,0.67,0.02,0.01,-7.8
1.10-31,891.524,4.28,A10,Phe,A19,240,20.8,39,1.89,24.3,39.9,2.26,23.7,41.1,2.19,39.98,1.01,2.11,0.2,-5.68
1.10-32,894.524,2.99,A10,Phe,A20,236,10.2,80.3,0.87,12.6,86.5,1.09,11.3,88.3,0.97,85,4.18,0.98,0.11,-6.01
1.10-33,909.502,5.76,A10,2-Nal,A13,268,0.4,50.7,0.04,0.8,49.5,0.07,0.4,48.9,0.03,49.68,0.9,0.05,0.02,-7.34
1.10-34,915.549,6.37,A10,2-Nal,A14,278,0.2,53.9,0.01,0.2,53.5,0.02,0.1,51.7,0.01,53.04,1.2,0.01,0,-7.83
1.10-35,917.528,4.6,A10,2-Nal,A15,254,5.1,18.8,0.42,6.8,18,0.57,6.5,19.9,0.54,18.88,0.91,0.51,0.08,-6.29
1.10-36,924.513,4.93,A10,2-Nal,A16,233,4.3,21.1,0.36,5.1,20.5,0.42,4.7,22.9,0.39,21.5,1.23,0.39,0.03,-6.41
1.10-37,937.533,6.54,A10,2-Nal,A17,271,0.2,48.4,0.01,0.3,45.9,0.02,0.2,46.2,0.01,46.79,1.36,0.02,0,-7.8
1.10-38,939.513,5.81,A10,2-Nal,A18,271,0.2,46.7,0.02,0.4,44.7,0.03,0.2,46.4,0.02,45.93,1.06,0.02,0.01,-7.68
1.10-39,941.54,5.19,A10,2-Nal,A19,249,2.6,18.8,0.21,3.9,17.8,0.32,3,19.4,0.25,18.65,0.8,0.26,0.06,-6.58
1.10-40,944.539,3.9,A10,2-Nal,A20,245,9.2,27.5,0.78,11.3,27.4,0.97,9.9,29.2,0.85,28.02,0.98,0.87,0.1,-6.06
